Date,Product_ID,Product_Category,City,Store_Type,Price,Discount_Percentage,Marketing_Spend,Holiday_Flag,Previous_Month_Demand,Season,Next_Month_Demand
2025-05-01,FASH104,Fashion,Chennai,Mall,2869.75,0,4568.26,No,476,Summer,447
2024-10-01,CARE102,Personal Care,Kolkata,Neighbourhood,552.65,25,29789.71,Yes,549,Festival,1219
2025-01-01,ELEC103,Electronics,Mumbai,Supermarket,7501.15,0,12891.77,Yes,296,Winter,395
2023-03-01,CARE103,Personal Care,Pune,Mall,153.72,10,28439.45,No,732,Summer,710
2023-09-01,GROC101,Groceries,Bengaluru,Neighbourhood,126.6,5,19469.91,No,965,Festival,1283
2023-04-01,GROC102,Groceries,Hyderabad,High Street,226.36,10,29178.78,No,1128,Summer,1114
2025-10-01,GROC102,Groceries,Delhi,High Street,236.99,15,18401.99,Yes,1372,Festival,2113
2024-12-01,GROC101,Groceries,Delhi,Neighbourhood,107.07,10,24659.32,Yes,1056,Winter,1466
2024-12-01,ELEC104,Electronics,Kolkata,Neighbourhood,3183.78,0,22206.23,No,151,Winter,210
2025-04-01,ELEC104,Electronics,Delhi,High Street,3364.36,0,21058.71,No,241,Summer,291
2024-10-01,FASH103,Fashion,Kochi,Supermarket,957.58,0,23541.2,Yes,405,Festival,563
2024-03-01,GROC102,Groceries,Delhi,Mall,279.68,5,15835.0,No,1259,Summer,1096
2023-04-01,CARE103,Personal Care,Pune,Mall,163.97,10,28457.05,No,745,Summer,799
2023-06-01,HOME104,Home Appliances,Delhi,Neighbourhood,5574.92,10,11757.32,No,99,Monsoon,143
2025-01-01,ELEC101,Electronics,Kochi,Supermarket,19717.28,10,26239.73,Yes,184,Winter,231
2024-12-01,FASH102,Fashion,Kolkata,Neighbourhood,2136.53,10,4752.09,Yes,244,Winter,359
2023-02-01,FASH101,Fashion,Chennai,Mall,1395.05,25,29368.6,No,384,Winter,548
2023-01-01,FASH102,Fashion,Bengaluru,Mall,2520.53,10,9535.49,No,523,Winter,514
2024-05-01,CARE104,Personal Care,Bengaluru,High Street,985.44,10,24555.32,No,647,Summer,841
2023-03-01,HOME104,Home Appliances,Mumbai,Neighbourhood,5018.14,0,9115.39,No,133,Summer,157
2025-09-01,GROC104,Groceries,Kochi,Supermarket,397.82,5,27966.73,No,1091,Festival,1246
2025-02-01,ELEC104,Electronics,Delhi,Mall,3072.76,5,27224.83,No,293,Winter,364
2023-09-01,ELEC103,Electronics,Mumbai,Neighbourhood,8855.18,20,13921.72,No,206,Festival,386
2025-11-01,ELEC103,Electronics,Kochi,Mall,7532.87,5,16111.57,Yes,219,Festival,337
2025-12-01,ELEC104,Electronics,Kochi,High Street,3758.82,5,20540.09,No,173,Winter,161
2024-10-01,CARE103,Personal Care,Hyderabad,Neighbourhood,195.92,15,16571.2,Yes,543,Festival,942
2023-05-01,HOME101,Home Appliances,Kolkata,Supermarket,12966.79,10,4177.3,No,194,Summer,147
2023-06-01,FASH104,Fashion,Kochi,Mall,3131.06,20,29099.68,No,421,Monsoon,402
2025-09-01,HOME103,Home Appliances,Chennai,Mall,16749.76,5,16102.56,No,139,Festival,229
2023-03-01,GROC104,Groceries,Pune,High Street,416.81,5,10972.85,No,818,Summer,775
2025-09-01,ELEC103,Electronics,Hyderabad,Neighbourhood,7511.62,10,14334.08,No,132,Festival,247
2023-07-01,ELEC104,Electronics,Chennai,Neighbourhood,3712.07,15,24486.4,No,172,Monsoon,222
2024-11-01,HOME102,Home Appliances,Bengaluru,Neighbourhood,6455.87,10,15571.15,Yes,106,Festival,322
2023-06-01,FASH104,Fashion,Chennai,Mall,2980.68,20,29061.8,No,393,Monsoon,479
2023-06-01,CARE104,Personal Care,Delhi,High Street,937.11,10,22604.47,No,996,Monsoon,865
2024-05-01,FASH104,Fashion,Bengaluru,Supermarket,2896.96,5,5183.57,No,465,Summer,485
2023-12-01,CARE101,Personal Care,Bengaluru,High Street,323.78,0,17829.12,No,847,Winter,901
2024-10-01,CARE103,Personal Care,Mumbai,Neighbourhood,161.57,10,6244.45,Yes,496,Festival,1104
2025-06-01,HOME101,Home Appliances,Delhi,Neighbourhood,11969.82,0,15783.74,No,102,Monsoon,123
2023-10-01,CARE104,Personal Care,Bengaluru,Neighbourhood,933.98,5,16584.68,No,645,Festival,851
2023-04-01,GROC101,Groceries,Delhi,Neighbourhood,130.83,15,21283.55,No,880,Summer,1102
2023-12-01,FASH101,Fashion,Kochi,Neighbourhood,1363.11,20,4872.76,Yes,180,Winter,338
2025-11-01,ELEC102,Electronics,Kolkata,Mall,21424.54,20,24990.65,Yes,167,Festival,441
2025-05-01,HOME101,Home Appliances,Chennai,Mall,10838.78,5,23266.6,No,172,Summer,222
2025-11-01,HOME102,Home Appliances,Kochi,Supermarket,8326.01,10,18170.4,Yes,144,Festival,242
2025-06-01,ELEC101,Electronics,Hyderabad,Neighbourhood,17028.27,20,27179.13,No,142,Monsoon,260
2023-12-01,CARE101,Personal Care,Mumbai,Neighbourhood,397.96,5,21272.79,Yes,621,Winter,839
2024-09-01,HOME101,Home Appliances,Pune,Neighbourhood,10528.34,15,16349.35,No,76,Festival,213
2025-07-01,GROC101,Groceries,Mumbai,Supermarket,127.41,10,29153.6,No,1417,Monsoon,1378
2023-07-01,CARE104,Personal Care,Bengaluru,Mall,955.69,20,5196.42,No,681,Monsoon,793
2024-07-01,CARE101,Personal Care,Hyderabad,Neighbourhood,392.81,5,18981.0,No,505,Monsoon,468
2025-03-01,GROC102,Groceries,Mumbai,Supermarket,231.53,10,13940.46,No,1342,Summer,1586
2024-08-01,HOME104,Home Appliances,Chennai,Supermarket,5369.07,15,18750.96,No,146,Monsoon,179
2023-06-01,GROC104,Groceries,Chennai,Neighbourhood,426.06,10,4171.82,No,872,Monsoon,829
2025-12-01,FASH103,Fashion,Delhi,Mall,934.94,10,21785.21,Yes,505,Winter,683
2023-11-01,HOME102,Home Appliances,Kolkata,Neighbourhood,7400.23,20,19743.58,Yes,87,Festival,297
2025-02-01,GROC104,Groceries,Bengaluru,Neighbourhood,514.04,0,29627.69,No,910,Winter,753
2024-08-01,CARE104,Personal Care,Kolkata,Mall,785.57,0,28394.36,Yes,777,Monsoon,783
2025-01-01,GROC102,Groceries,Kolkata,High Street,215.89,20,3711.91,Yes,1091,Winter,1216
2024-10-01,FASH103,Fashion,Kochi,Mall,774.94,0,6614.01,Yes,269,Festival,428
2025-04-01,ELEC101,Electronics,Pune,Mall,18299.33,25,23762.66,No,240,Summer,281
2024-02-01,ELEC102,Electronics,Kochi,Supermarket,22804.21,5,26711.96,No,207,Winter,237
2025-10-01,HOME103,Home Appliances,Kolkata,Supermarket,18109.66,15,23852.6,Yes,183,Festival,389
2025-06-01,FASH101,Fashion,Kochi,Neighbourhood,1464.24,10,24186.04,No,254,Monsoon,330
2023-11-01,FASH103,Fashion,Hyderabad,Neighbourhood,859.66,0,18927.78,Yes,284,Festival,492
2025-09-01,HOME102,Home Appliances,Pune,High Street,8511.42,20,6970.98,No,157,Festival,215
2023-10-01,ELEC104,Electronics,Delhi,Neighbourhood,3626.85,0,12380.16,Yes,176,Festival,363
2024-11-01,FASH102,Fashion,Kolkata,Neighbourhood,2329.69,5,14114.85,No,282,Festival,331
2025-08-01,GROC101,Groceries,Bengaluru,Supermarket,108.08,0,10521.94,Yes,986,Monsoon,1019
2025-02-01,GROC101,Groceries,Hyderabad,High Street,103.42,15,24584.08,No,1055,Winter,1225
2025-06-01,FASH103,Fashion,Kolkata,Mall,999.44,0,5281.96,No,422,Monsoon,296
2024-10-01,GROC104,Groceries,Pune,High Street,483.41,10,3990.45,Yes,993,Festival,1211
2024-11-01,FASH103,Fashion,Delhi,Mall,860.62,20,13723.42,Yes,531,Festival,928
2024-05-01,GROC102,Groceries,Delhi,Mall,257.02,20,21335.76,No,1397,Summer,1472
2024-06-01,HOME103,Home Appliances,Hyderabad,High Street,18467.29,10,18240.38,No,134,Monsoon,175
2025-10-01,FASH104,Fashion,Mumbai,Mall,3616.34,5,3203.43,Yes,450,Festival,647
2023-04-01,FASH102,Fashion,Hyderabad,High Street,2461.87,0,5166.31,No,390,Summer,316
2025-07-01,GROC104,Groceries,Delhi,Supermarket,492.8,20,9963.38,No,1064,Monsoon,1181
2023-02-01,FASH104,Fashion,Bengaluru,Supermarket,2916.87,20,29135.84,No,533,Winter,728
2023-12-01,ELEC102,Electronics,Hyderabad,Neighbourhood,25045.78,0,28164.39,Yes,158,Winter,275
2023-06-01,GROC104,Groceries,Bengaluru,Mall,516.14,0,11703.55,No,1374,Monsoon,1099
2024-05-01,ELEC103,Electronics,Pune,Neighbourhood,8706.29,10,5880.88,No,160,Summer,139
2024-02-01,CARE104,Personal Care,Mumbai,Mall,867.39,5,28014.13,No,996,Winter,1125
2025-06-01,FASH101,Fashion,Chennai,Mall,1560.19,5,27512.39,No,365,Monsoon,376
2025-01-01,GROC104,Groceries,Kolkata,Supermarket,503.96,15,19850.74,Yes,1046,Winter,965
2023-02-01,CARE104,Personal Care,Kolkata,Supermarket,881.51,10,11986.03,No,869,Winter,891
2024-03-01,CARE101,Personal Care,Delhi,High Street,380.3,20,7095.22,No,729,Summer,925
2023-04-01,GROC102,Groceries,Chennai,Supermarket,220.22,15,17485.0,No,1014,Summer,1069
2024-12-01,HOME104,Home Appliances,Pune,Mall,4979.54,10,14041.79,No,107,Winter,160
2025-02-01,FASH103,Fashion,Chennai,Neighbourhood,1010.28,5,18751.58,No,266,Winter,347
2025-02-01,FASH104,Fashion,Bengaluru,Mall,2816.76,0,9912.42,No,515,Winter,505
2023-04-01,CARE104,Personal Care,Chennai,Neighbourhood,973.24,15,13109.75,No,407,Summer,532
2025-05-01,ELEC102,Electronics,Mumbai,Supermarket,23019.3,0,7469.05,No,218,Summer,231
2024-03-01,CARE103,Personal Care,Kochi,Mall,196.35,5,3125.06,No,582,Summer,471
2025-01-01,GROC103,Groceries,Hyderabad,High Street,79.54,10,27798.28,Yes,760,Winter,999
2025-01-01,HOME102,Home Appliances,Chennai,Neighbourhood,8131.12,5,10494.85,Yes,89,Winter,178
2023-07-01,ELEC104,Electronics,Kochi,Mall,3878.66,10,17446.88,No,148,Monsoon,128
2025-06-01,FASH103,Fashion,Kolkata,Supermarket,891.42,5,19874.35,No,394,Monsoon,338
2024-04-01,FASH102,Fashion,Kochi,High Street,2218.25,15,17430.31,No,309,Summer,366
2023-04-01,ELEC104,Electronics,Chennai,Supermarket,3366.97,25,10310.11,No,231,Summer,273
2025-09-01,HOME104,Home Appliances,Bengaluru,Supermarket,4290.64,15,8993.25,No,155,Festival,275
2023-03-01,FASH101,Fashion,Delhi,Supermarket,1637.39,15,29695.68,No,521,Summer,602
2024-04-01,HOME104,Home Appliances,Chennai,High Street,4689.72,5,27201.07,No,103,Summer,154
2023-02-01,ELEC103,Electronics,Chennai,Neighbourhood,8780.26,5,12802.6,No,110,Winter,170
2024-08-01,CARE101,Personal Care,Hyderabad,Neighbourhood,343.29,10,10950.58,No,617,Monsoon,694
2025-08-01,ELEC102,Electronics,Mumbai,Mall,25312.26,5,20103.91,Yes,203,Monsoon,316
2023-04-01,GROC102,Groceries,Chennai,Mall,263.74,15,25209.76,No,1050,Summer,1044
2025-10-01,ELEC101,Electronics,Kochi,High Street,16414.67,20,3296.89,Yes,192,Festival,336
2023-06-01,FASH104,Fashion,Bengaluru,Neighbourhood,3194.5,15,18478.95,No,376,Monsoon,501
2023-02-01,HOME102,Home Appliances,Mumbai,Mall,7732.09,0,9624.43,No,169,Winter,185
2023-11-01,HOME101,Home Appliances,Mumbai,Supermarket,13617.5,10,13709.53,No,153,Festival,239
2024-08-01,FASH103,Fashion,Delhi,Supermarket,1022.91,20,7176.15,Yes,489,Monsoon,567
2023-09-01,ELEC104,Electronics,Kochi,Mall,3697.82,10,14740.34,No,153,Festival,216
2025-06-01,GROC104,Groceries,Mumbai,Mall,506.34,0,6694.1,No,1521,Monsoon,1228
2023-12-01,FASH104,Fashion,Pune,Mall,3415.14,15,20205.25,No,459,Winter,495
2025-02-01,GROC104,Groceries,Pune,Mall,459.17,5,27718.18,No,754,Winter,847
2023-07-01,ELEC103,Electronics,Kolkata,Neighbourhood,9066.24,25,15803.78,No,170,Monsoon,206
2024-05-01,FASH104,Fashion,Delhi,Mall,3388.44,0,12176.62,No,528,Summer,508
2024-03-01,ELEC104,Electronics,Chennai,High Street,3632.19,5,26921.4,No,199,Summer,232
2025-08-01,FASH103,Fashion,Pune,High Street,972.14,5,13852.13,Yes,371,Monsoon,382
2023-10-01,ELEC103,Electronics,Pune,Neighbourhood,7373.07,15,5982.8,Yes,122,Festival,277
2025-01-01,ELEC101,Electronics,Hyderabad,Supermarket,17375.36,10,21350.48,Yes,277,Winter,369
2023-06-01,FASH102,Fashion,Chennai,High Street,2524.17,0,9255.14,No,448,Monsoon,341
2023-10-01,FASH102,Fashion,Kochi,High Street,2501.8,0,25307.55,No,332,Festival,386
2024-11-01,ELEC101,Electronics,Mumbai,Neighbourhood,16239.03,25,13698.53,No,189,Festival,415
2024-01-01,CARE103,Personal Care,Kochi,Mall,199.45,20,15350.67,Yes,563,Winter,608
2025-05-01,ELEC103,Electronics,Kochi,High Street,8742.84,20,20691.53,No,164,Summer,188
2024-03-01,FASH101,Fashion,Kolkata,High Street,1707.95,10,5955.66,No,439,Summer,345
2024-01-01,ELEC102,Electronics,Kolkata,Mall,25693.06,10,25266.39,Yes,225,Winter,307
2023-06-01,FASH104,Fashion,Kolkata,Neighbourhood,3552.6,20,22125.8,No,327,Monsoon,388
2025-01-01,CARE102,Personal Care,Delhi,Supermarket,589.4,15,26804.2,No,904,Winter,1125
2025-07-01,GROC104,Groceries,Bengaluru,High Street,417.42,15,8214.59,No,860,Monsoon,1114
2025-03-01,ELEC101,Electronics,Kochi,Neighbourhood,18723.63,5,17579.61,No,139,Summer,150
2023-10-01,ELEC104,Electronics,Bengaluru,Supermarket,3163.47,10,23349.87,No,207,Festival,380
2025-12-01,GROC104,Groceries,Mumbai,Neighbourhood,391.59,15,18718.6,Yes,916,Winter,1376
2023-12-01,CARE103,Personal Care,Kochi,High Street,197.21,5,9817.74,Yes,481,Winter,475
2025-10-01,CARE104,Personal Care,Kochi,Supermarket,809.18,10,24459.86,No,570,Festival,782
2024-10-01,FASH103,Fashion,Mumbai,Mall,773.45,25,22744.29,No,569,Festival,966
2024-08-01,FASH101,Fashion,Chennai,Supermarket,1419.33,5,22559.41,No,357,Monsoon,379
2024-06-01,HOME104,Home Appliances,Mumbai,Neighbourhood,4555.55,0,5461.44,No,103,Monsoon,135
2025-03-01,GROC104,Groceries,Pune,Supermarket,422.21,15,27619.57,No,1265,Summer,1189
2025-06-01,ELEC102,Electronics,Delhi,Neighbourhood,22753.94,10,16273.05,No,132,Monsoon,200
2023-02-01,FASH104,Fashion,Chennai,Mall,2789.55,0,13597.33,No,398,Winter,360
2025-01-01,ELEC104,Electronics,Hyderabad,Mall,3479.53,0,5833.11,Yes,270,Winter,313
2025-08-01,HOME104,Home Appliances,Kochi,High Street,5661.86,15,4955.24,Yes,138,Monsoon,140
2025-02-01,GROC102,Groceries,Pune,High Street,262.78,0,28691.85,No,729,Winter,595
2023-06-01,ELEC102,Electronics,Kochi,Supermarket,23491.27,10,28250.45,No,224,Monsoon,242
2023-07-01,FASH104,Fashion,Kolkata,Neighbourhood,3472.48,10,15984.4,No,215,Monsoon,274
2024-02-01,FASH102,Fashion,Hyderabad,Neighbourhood,1975.3,5,26538.16,No,252,Winter,396
2025-08-01,FASH104,Fashion,Bengaluru,High Street,2939.32,15,29901.02,No,454,Monsoon,548
2023-10-01,FASH103,Fashion,Chennai,Mall,819.97,10,25692.21,Yes,495,Festival,770
2023-04-01,HOME104,Home Appliances,Hyderabad,Neighbourhood,5064.95,10,16877.89,No,114,Summer,160
2025-10-01,HOME102,Home Appliances,Pune,High Street,7848.77,15,29787.6,Yes,120,Festival,310
2024-09-01,ELEC103,Electronics,Bengaluru,Neighbourhood,8244.45,10,20078.59,No,155,Festival,276
2023-02-01,CARE101,Personal Care,Hyderabad,Mall,307.73,10,13935.56,No,821,Winter,1001
2023-06-01,ELEC103,Electronics,Kochi,Mall,8859.17,10,3243.82,No,183,Monsoon,145
2023-12-01,HOME101,Home Appliances,Pune,Supermarket,13381.35,5,14934.66,Yes,144,Winter,196
2023-05-01,HOME104,Home Appliances,Mumbai,Neighbourhood,4500.56,15,7525.72,No,95,Summer,174
2023-12-01,CARE101,Personal Care,Kochi,Neighbourhood,358.96,15,26443.32,Yes,356,Winter,540
2024-08-01,GROC101,Groceries,Kochi,Supermarket,108.48,5,5391.0,Yes,956,Monsoon,800
2023-12-01,GROC104,Groceries,Chennai,High Street,383.17,25,28698.92,Yes,1118,Winter,1566
2024-11-01,HOME102,Home Appliances,Delhi,Supermarket,7067.84,0,22026.38,Yes,200,Festival,376
2024-09-01,ELEC103,Electronics,Kolkata,Mall,8883.54,10,7783.04,No,226,Festival,273
2024-05-01,GROC104,Groceries,Pune,Neighbourhood,397.77,15,24478.78,No,827,Summer,1132
2023-01-01,FASH103,Fashion,Kolkata,High Street,940.83,10,5878.01,No,459,Winter,455
2023-09-01,CARE101,Personal Care,Pune,Mall,365.8,0,23660.15,No,861,Festival,861
2024-07-01,GROC102,Groceries,Chennai,Mall,277.67,5,13143.15,No,929,Monsoon,635
2023-01-01,HOME102,Home Appliances,Pune,Supermarket,7249.26,15,15114.73,Yes,138,Winter,248
2025-02-01,FASH103,Fashion,Kolkata,High Street,970.02,15,16512.02,No,375,Winter,373
2025-12-01,FASH104,Fashion,Pune,High Street,3406.87,15,17073.32,No,337,Winter,384
2024-04-01,CARE104,Personal Care,Pune,Mall,867.62,15,8323.16,No,702,Summer,685
2023-04-01,CARE104,Personal Care,Hyderabad,Supermarket,908.71,20,18685.17,No,650,Summer,778
2025-06-01,GROC102,Groceries,Kochi,Mall,221.64,10,7891.03,No,959,Monsoon,835
2023-07-01,ELEC102,Electronics,Chennai,High Street,24433.96,20,5350.05,No,218,Monsoon,207
2024-01-01,CARE102,Personal Care,Delhi,Mall,678.59,15,7718.88,Yes,1061,Winter,1228
2025-03-01,CARE104,Personal Care,Bengaluru,Neighbourhood,879.41,20,21023.85,No,477,Summer,861
2025-12-01,GROC101,Groceries,Pune,High Street,110.47,0,26470.01,Yes,913,Winter,889
2025-11-01,HOME103,Home Appliances,Kolkata,Supermarket,17410.89,5,19050.86,Yes,194,Festival,331
2025-11-01,CARE102,Personal Care,Mumbai,High Street,692.43,10,21695.78,No,666,Festival,1073
2025-08-01,CARE102,Personal Care,Delhi,Neighbourhood,668.67,15,13832.07,Yes,565,Monsoon,758
2023-04-01,CARE101,Personal Care,Delhi,High Street,304.84,15,20284.54,No,713,Summer,1053
2023-03-01,GROC103,Groceries,Delhi,High Street,91.89,5,15051.51,No,1022,Summer,1036
2024-10-01,HOME102,Home Appliances,Delhi,Mall,7927.51,0,8425.21,Yes,140,Festival,306
2024-05-01,HOME104,Home Appliances,Delhi,Supermarket,4601.96,20,13781.53,No,152,Summer,230
2023-05-01,HOME104,Home Appliances,Kolkata,Neighbourhood,5257.34,5,5509.09,No,91,Summer,106
2024-04-01,HOME102,Home Appliances,Delhi,High Street,6639.71,0,9138.65,No,148,Summer,180
2024-09-01,GROC103,Groceries,Kochi,Mall,87.81,10,10552.0,No,1074,Festival,1074
2023-12-01,ELEC102,Electronics,Hyderabad,High Street,26307.28,10,17376.99,No,162,Winter,239
2023-07-01,HOME102,Home Appliances,Kochi,Supermarket,6765.43,10,21763.68,No,122,Monsoon,150
2025-01-01,GROC101,Groceries,Chennai,High Street,123.83,5,6758.35,No,1100,Winter,981
2023-03-01,FASH101,Fashion,Hyderabad,Mall,1329.79,15,15912.32,No,423,Summer,496
2023-12-01,HOME101,Home Appliances,Pune,High Street,11199.91,20,25989.11,Yes,98,Winter,251
2023-02-01,HOME103,Home Appliances,Mumbai,Supermarket,19516.11,0,15414.61,No,145,Winter,179
2023-09-01,HOME102,Home Appliances,Hyderabad,Supermarket,7931.14,0,19687.4,No,174,Festival,239
2024-05-01,CARE103,Personal Care,Delhi,Neighbourhood,188.41,0,25896.43,No,682,Summer,682
2025-11-01,FASH104,Fashion,Hyderabad,High Street,3091.6,0,29023.2,Yes,315,Festival,592
2024-09-01,CARE102,Personal Care,Pune,High Street,673.19,5,11734.51,No,756,Festival,762
2025-08-01,HOME101,Home Appliances,Mumbai,Mall,1958.2849999999999,10,25797.64,Yes,178,Monsoon,317
2023-04-01,GROC104,Groceries,Kolkata,Neighbourhood,491.94,15,19580.2,No,849,Summer,921
2024-05-01,ELEC101,Electronics,Kochi,High Street,16675.22,10,25703.53,No,123,Summer,181
2024-09-01,HOME103,Home Appliances,Pune,High Street,17730.67,10,9128.05,No,154,Festival,214
2023-05-01,HOME101,Home Appliances,Pune,Mall,10336.88,0,23147.6,No,153,Summer,180
2024-12-01,FASH104,Fashion,Kochi,Mall,3092.09,10,15472.57,No,422,Winter,354
2023-05-01,GROC102,Groceries,Pune,Neighbourhood,279.92,10,24127.09,No,590,Summer,495
2023-09-01,GROC103,Groceries,Bengaluru,Supermarket,82.76,0,23915.11,No,1331,Festival,1529
2023-10-01,CARE104,Personal Care,Delhi,Supermarket,927.51,25,18725.41,No,1063,Festival,1626
2025-10-01,FASH102,Fashion,Pune,Mall,2018.25,20,13048.51,Yes,370,Festival,650
2025-06-01,HOME101,Home Appliances,Delhi,Neighbourhood,10245.77,10,29795.22,No,133,Monsoon,239
2025-06-01,ELEC104,Electronics,Kochi,Supermarket,3767.79,5,15434.57,No,214,Monsoon,178
2025-08-01,FASH104,Fashion,Hyderabad,High Street,3619.89,25,4165.69,Yes,314,Monsoon,441
2024-03-01,HOME103,Home Appliances,Bengaluru,Supermarket,16113.65,10,12244.36,No,171,Summer,225
2023-03-01,FASH103,Fashion,Chennai,High Street,936.8,20,23550.28,No,305,Summer,431
2024-04-01,ELEC104,Electronics,Chennai,Supermarket,3079.14,25,13840.35,No,248,Summer,307
2025-03-01,FASH102,Fashion,Kochi,Neighbourhood,2235.79,15,3141.2,No,269,Summer,231
2023-12-01,ELEC102,Electronics,Hyderabad,Mall,24009.56,25,11827.15,Yes,196,Winter,334
2024-08-01,GROC104,Groceries,Hyderabad,Supermarket,472.01,0,3050.76,Yes,866,Monsoon,598
2023-04-01,HOME101,Home Appliances,Chennai,Neighbourhood,13347.34,10,16772.96,No,115,Summer,143
2023-04-01,GROC102,Groceries,Bengaluru,Supermarket,274.38,5,16452.9,No,979,Summer,935
2024-10-01,CARE104,Personal Care,Hyderabad,High Street,977.93,15,16966.26,Yes,590,Festival,937
2024-06-01,HOME101,Home Appliances,Mumbai,Neighbourhood,13794.05,15,28194.06,No,133,Monsoon,197
2024-05-01,HOME104,Home Appliances,Kolkata,Supermarket,4864.86,0,25674.66,No,146,Summer,200
2023-10-01,GROC103,Groceries,Chennai,Supermarket,87.96,0,10372.91,Yes,971,Festival,1181
2024-07-01,GROC103,Groceries,Hyderabad,High Street,88.21,20,8024.74,No,1142,Monsoon,998
2023-06-01,GROC104,Groceries,Hyderabad,Supermarket,505.27,20,24065.75,No,854,Monsoon,730
2025-07-01,HOME104,Home Appliances,Kochi,Neighbourhood,4674.12,0,4204.06,No,67,Monsoon,62
2024-02-01,GROC104,Groceries,Kolkata,High Street,496.55,10,10239.75,No,782,Winter,727
2025-12-01,FASH104,Fashion,Bengaluru,High Street,3052.08,10,11510.12,No,335,Winter,468
2023-11-01,HOME104,Home Appliances,Pune,Neighbourhood,4328.39,25,14307.42,Yes,110,Festival,296
2024-09-01,GROC101,Groceries,Mumbai,Supermarket,122.35,5,15526.18,No,1601,Festival,1856
2025-09-01,GROC101,Groceries,Delhi,Supermarket,132.62,5,18153.02,No,1289,Festival,1685
2025-10-01,HOME102,Home Appliances,Mumbai,Mall,7609.89,15,19548.3,Yes,210,Festival,438
2024-10-01,ELEC102,Electronics,Bengaluru,High Street,24701.22,20,23230.66,Yes,248,Festival,532
2023-10-01,FASH104,Fashion,Mumbai,Supermarket,3046.19,10,26547.66,Yes,569,Festival,952
2025-04-01,FASH101,Fashion,Kochi,Neighbourhood,1622.41,25,3733.52,No,186,Summer,231
2023-03-01,HOME101,Home Appliances,Bengaluru,Neighbourhood,11538.96,15,15195.81,No,113,Summer,188
2023-11-01,HOME102,Home Appliances,Kolkata,Neighbourhood,8079.33,5,10463.93,Yes,111,Festival,229
2024-03-01,GROC102,Groceries,Delhi,Neighbourhood,224.95,10,19563.77,No,791,Summer,1263
2023-08-01,CARE104,Personal Care,Delhi,Neighbourhood,883.89,0,19613.05,Yes,730,Monsoon,788
2023-12-01,FASH102,Fashion,Pune,Neighbourhood,2190.34,25,6305.72,No,242,Winter,342
2023-05-01,ELEC103,Electronics,Kochi,Neighbourhood,8936.62,15,5143.98,No,136,Summer,136
2025-04-01,CARE101,Personal Care,Delhi,High Street,372.08,10,11487.45,No,793,Summer,833
2024-09-01,GROC102,Groceries,Mumbai,Neighbourhood,225.53,5,22224.38,No,1004,Festival,1620
2025-09-01,CARE103,Personal Care,Delhi,High Street,177.32,5,23218.31,No,866,Festival,1118
2023-05-01,HOME103,Home Appliances,Hyderabad,Supermarket,15468.02,5,22960.96,No,131,Summer,208
2025-11-01,HOME103,Home Appliances,Pune,High Street,16526.77,20,25600.11,Yes,138,Festival,344
2024-03-01,CARE103,Personal Care,Kochi,Mall,194.0,10,27397.41,No,550,Summer,601
2023-09-01,FASH104,Fashion,Chennai,Supermarket,3590.91,5,21109.77,No,432,Festival,505
2024-02-01,HOME101,Home Appliances,Kolkata,High Street,13716.48,10,5989.46,No,131,Winter,123
2025-01-01,GROC102,Groceries,Pune,High Street,234.42,20,27590.79,No,1034,Winter,1122
2024-07-01,HOME102,Home Appliances,Kolkata,High Street,6528.77,0,10109.53,No,105,Monsoon,135
2025-09-01,HOME101,Home Appliances,Hyderabad,Supermarket,11014.87,0,22716.65,No,171,Festival,261
2024-10-01,ELEC104,Electronics,Pune,Supermarket,3226.49,0,24453.61,Yes,213,Festival,377
2024-09-01,CARE101,Personal Care,Kolkata,Neighbourhood,348.78,5,22914.28,No,526,Festival,687
2024-07-01,GROC104,Groceries,Chennai,High Street,467.73,10,18975.82,No,1040,Monsoon,911
2023-04-01,HOME104,Home Appliances,Delhi,High Street,5706.15,15,10092.24,No,142,Summer,185
2023-08-01,ELEC102,Electronics,Kochi,Mall,21592.37,10,6780.65,Yes,217,Monsoon,236
2025-05-01,CARE101,Personal Care,Mumbai,Neighbourhood,344.48,10,15805.79,No,652,Summer,871
2023-08-01,FASH104,Fashion,Delhi,Mall,3490.48,5,18445.31,Yes,425,Monsoon,491
2023-09-01,CARE101,Personal Care,Kochi,Mall,333.75,0,16700.12,No,754,Festival,837
2024-07-01,FASH101,Fashion,Pune,High Street,1450.44,0,22706.23,No,415,Monsoon,351
2023-12-01,CARE104,Personal Care,Kochi,Mall,1022.59,15,22477.62,No,477,Winter,533
2024-08-01,GROC102,Groceries,Bengaluru,Neighbourhood,246.72,10,12964.43,Yes,794,Monsoon,1026
2024-08-01,ELEC101,Electronics,Delhi,High Street,19349.19,5,78981.5531,Yes,239,Monsoon,313
2024-02-01,GROC103,Groceries,Hyderabad,Mall,88.97,10,22547.27,No,880,Winter,995
2023-02-01,CARE102,Personal Care,Mumbai,Neighbourhood,712.4,25,21761.82,No,634,Winter,931
2024-03-01,GROC101,Groceries,Chennai,High Street,114.35,10,22687.68,No,1016,Summer,1021
2025-04-01,CARE102,Personal Care,Mumbai,High Street,567.63,10,17648.43,No,967,Summer,1023
2025-08-01,FASH103,Fashion,Delhi,Neighbourhood,881.37,20,11609.4,Yes,309,Monsoon,521
2025-12-01,HOME101,Home Appliances,Kolkata,Supermarket,10796.26,10,20434.99,Yes,176,Winter,281
2023-10-01,HOME102,Home Appliances,Delhi,Supermarket,6536.35,5,14059.98,Yes,200,Festival,403
2023-05-01,GROC104,Groceries,Delhi,Neighbourhood,443.79,25,21583.4,No,696,Summer,1151
2023-03-01,FASH101,Fashion,Delhi,High Street,1288.93,0,13475.64,No,359,Summer,424
2023-06-01,FASH101,Fashion,Pune,Mall,1680.04,5,6135.75,No,469,Monsoon,345
2023-04-01,GROC104,Groceries,Kochi,Mall,464.43,0,7092.78,No,673,Summer,486
2025-08-01,HOME101,Home Appliances,Chennai,Mall,12150.14,10,23571.35,No,145,Monsoon,168
2024-09-01,HOME101,Home Appliances,Delhi,Supermarket,11450.2,10,18672.63,No,150,Festival,278
2025-11-01,CARE103,Personal Care,Bengaluru,Supermarket,195.25,5,22833.6,Yes,818,Festival,1147
2024-09-01,HOME101,Home Appliances,Kochi,Mall,11019.9,10,29028.78,No,153,Festival,257
2023-11-01,CARE103,Personal Care,Delhi,High Street,195.69,0,6370.16,No,715,Festival,865
2025-08-01,GROC104,Groceries,Hyderabad,Supermarket,485.34,5,13436.59,Yes,1129,Monsoon,885
2024-05-01,FASH101,Fashion,Hyderabad,Supermarket,1647.38,10,23642.25,No,457,Summer,486
2025-08-01,FASH103,Fashion,Hyderabad,Supermarket,902.82,10,19918.0,No,334,Monsoon,368
2025-08-01,CARE102,Personal Care,Mumbai,Supermarket,578.71,15,11083.68,Yes,1078,Monsoon,1161
2025-06-01,FASH103,Fashion,Bengaluru,Neighbourhood,789.25,25,3062.57,No,248,Monsoon,409
2025-12-01,ELEC101,Electronics,Kochi,Supermarket,19368.51,0,23760.92,No,208,Winter,192
2024-11-01,ELEC102,Electronics,Hyderabad,High Street,24303.3,10,4782.27,Yes,159,Festival,338
2024-01-01,CARE104,Personal Care,Bengaluru,Mall,906.1,25,11088.27,Yes,859,Winter,1211
2023-02-01,GROC102,Groceries,Chennai,Neighbourhood,229.93,5,10587.12,No,829,Winter,958
2024-02-01,FASH102,Fashion,Chennai,Supermarket,2019.18,10,20292.85,No,520,Winter,490
2025-01-01,ELEC103,Electronics,Pune,Neighbourhood,8206.08,10,19869.16,Yes,149,Winter,274
2024-02-01,GROC104,Groceries,Hyderabad,Neighbourhood,421.65,5,18208.8,No,612,Winter,815
2023-12-01,GROC102,Groceries,Kolkata,High Street,232.87,15,13866.06,Yes,798,Winter,1097
2025-05-01,GROC102,Groceries,Kolkata,High Street,217.2,15,25662.14,No,710,Summer,1039
2025-05-01,HOME103,Home Appliances,Kochi,Mall,18350.92,0,26396.8,No,131,Summer,134
2024-06-01,FASH101,Fashion,Mumbai,Mall,1696.34,5,21228.78,No,390,Monsoon,407
2025-03-01,ELEC104,Electronics,Pune,High Street,3241.94,0,26638.8,No,151,Summer,188
2024-12-01,HOME103,Home Appliances,Kochi,Neighbourhood,16909.48,15,5844.85,No,94,Winter,119
2025-04-01,ELEC103,Electronics,Pune,Neighbourhood,7684.9,5,12984.96,No,106,Summer,141
2024-01-01,GROC101,Groceries,Chennai,Neighbourhood,109.63,20,20748.54,Yes,856,Winter,1248
2025-10-01,ELEC104,Electronics,Kolkata,Supermarket,3748.95,0,29313.98,Yes,235,Festival,379
2023-01-01,HOME101,Home Appliances,Delhi,Supermarket,10409.13,5,6010.83,Yes,162,Winter,255
2024-10-01,ELEC104,Electronics,Hyderabad,High Street,3748.01,0,11916.56,No,175,Festival,214
2025-05-01,FASH101,Fashion,Delhi,High Street,1579.89,10,11420.32,No,493,Summer,520
2023-12-01,FASH102,Fashion,Chennai,High Street,2402.72,15,6245.6,Yes,278,Winter,432
2025-01-01,ELEC103,Electronics,Bengaluru,Supermarket,7692.17,5,3036.55,Yes,266,Winter,350
2023-08-01,CARE102,Personal Care,Mumbai,Neighbourhood,690.98,20,28309.22,Yes,615,Monsoon,942
2024-11-01,HOME102,Home Appliances,Delhi,High Street,6913.11,25,17329.91,No,172,Festival,364
2024-05-01,FASH102,Fashion,Delhi,Supermarket,2280.79,0,24095.69,No,515,Summer,522
2023-11-01,CARE101,Personal Care,Kolkata,Neighbourhood,314.71,20,20356.11,No,636,Festival,1120
2025-07-01,ELEC102,Electronics,Bengaluru,High Street,21308.81,0,20034.89,No,211,Monsoon,242
2025-09-01,GROC102,Groceries,Mumbai,High Street,250.05,5,21349.75,No,893,Festival,1410
2024-06-01,GROC102,Groceries,Chennai,Supermarket,224.93,0,15029.62,No,922,Monsoon,779
2025-09-01,ELEC104,Electronics,Mumbai,Mall,3386.45,10,20796.07,No,199,Festival,375
2025-02-01,ELEC104,Electronics,Mumbai,Mall,3598.24,10,4973.2,No,263,Winter,326
2025-02-01,HOME104,Home Appliances,Mumbai,Mall,5665.55,20,28923.66,No,181,Winter,293
2025-08-01,HOME103,Home Appliances,Hyderabad,Mall,19519.28,10,28924.53,No,184,Monsoon,204
2023-09-01,CARE102,Personal Care,Delhi,Mall,660.14,5,24728.33,No,681,Festival,992
2023-08-01,FASH102,Fashion,Chennai,Supermarket,2187.39,0,20885.72,Yes,375,Monsoon,404
2025-03-01,GROC103,Groceries,Kochi,Neighbourhood,79.56,10,20156.98,No,486,Summer,456
2024-05-01,GROC101,Groceries,Delhi,Mall,114.91,10,20729.04,No,1062,Summer,1200
2025-02-01,CARE104,Personal Care,Unknown,Supermarket,824.63,10,4051.11,No,706,Winter,890
2025-05-01,HOME101,Home Appliances,Kolkata,Supermarket,11739.01,10,11811.14,No,182,Summer,185
2023-07-01,GROC104,Groceries,Chennai,Mall,493.63,15,26999.96,No,1058,Monsoon,919
2024-07-01,HOME102,Home Appliances,Kochi,Supermarket,8491.77,0,16686.85,No,126,Monsoon,95
2024-12-01,FASH104,Fashion,Pune,Mall,3462.95,15,12520.27,No,385,Winter,375
2024-11-01,CARE101,Personal Care,Pune,High Street,353.36,10,18941.64,Yes,603,Festival,873
2023-10-01,CARE101,Personal Care,Delhi,Supermarket,302.95,20,8160.21,Yes,1027,Festival,1599
2024-01-01,GROC102,Groceries,Hyderabad,High Street,231.46,20,10328.84,Yes,911,Winter,1387
2025-12-01,CARE102,Personal Care,Chennai,Neighbourhood,567.8,15,17701.42,No,433,Winter,709
2023-11-01,GROC102,Groceries,Kochi,Mall,234.74,10,22289.45,No,704,Festival,1050
2023-01-01,ELEC103,Electronics,Delhi,Mall,8786.02,25,21824.65,No,239,Winter,361
2024-05-01,GROC103,Groceries,Kochi,Mall,73.12,0,20958.95,No,729,Summer,687
2024-05-01,ELEC104,Electronics,Kolkata,Supermarket,3551.78,10,11423.57,No,214,Summer,184
2023-04-01,GROC101,Groceries,Mumbai,Supermarket,102.41,20,21999.89,No,1600,Summer,1874
2023-04-01,FASH101,Fashion,Mumbai,High Street,1710.17,10,4395.06,No,442,Summer,465
2024-01-01,FASH103,Fashion,Delhi,Neighbourhood,998.63,0,7246.38,Yes,295,Winter,392
2024-10-01,FASH101,Fashion,Chennai,Neighbourhood,1556.19,5,18437.14,No,336,Festival,452
2023-11-01,CARE103,Personal Care,Delhi,Mall,176.25,25,26705.58,Yes,770,Festival,1468
2025-09-01,GROC104,Groceries,Kochi,Supermarket,392.23,15,8545.84,No,863,Festival,1098
2024-11-01,FASH104,Fashion,Hyderabad,Mall,2986.74,0,10460.62,Yes,524,Festival,683
2025-02-01,CARE102,Personal Care,Kochi,High Street,574.59,25,13897.23,No,649,Winter,744
2025-03-01,ELEC104,Electronics,Pune,Supermarket,3517.63,10,22984.36,No,218,Summer,263
2024-12-01,GROC102,Groceries,Hyderabad,High Street,218.27,10,5040.76,No,891,Winter,1077
2024-08-01,FASH103,Fashion,Bengaluru,High Street,955.02,15,13078.01,Yes,412,Monsoon,493
2025-08-01,ELEC103,Electronics,Delhi,Supermarket,8878.63,10,28561.81,Yes,210,Monsoon,335
2024-10-01,HOME102,Home Appliances,Hyderabad,Mall,7786.84,0,13411.56,No,160,Festival,216
2024-07-01,ELEC102,Electronics,Delhi,Mall,22664.05,20,21156.43,No,302,Monsoon,361
2024-09-01,ELEC104,Electronics,Pune,Supermarket,3513.36,20,14836.39,No,256,Festival,348
2025-04-01,ELEC103,Electronics,Kochi,Mall,8513.73,5,5467.57,No,149,Summer,129
2025-09-01,ELEC102,Electronics,Chennai,Supermarket,21718.95,5,15391.39,No,241,Festival,335
2025-09-01,FASH104,Fashion,Bengaluru,High Street,3524.95,25,24737.44,No,490,Festival,814
2023-03-01,GROC102,Groceries,Kochi,Supermarket,251.61,15,4848.39,No,858,Summer,833
2023-09-01,CARE102,Personal Care,Mumbai,Mall,721.21,5,27711.94,No,1058,Festival,1400
2025-12-01,GROC104,Groceries,Mumbai,Mall,439.12,15,16502.16,No,1303,Winter,1532
2024-01-01,HOME102,Home Appliances,Kolkata,Supermarket,7479.97,0,28031.99,Yes,176,Winter,290
2023-01-01,CARE104,Personal Care,Chennai,Mall,1019.48,15,23162.97,No,869,Winter,783
2024-07-01,FASH104,Fashion,Chennai,Mall,2959.96,5,16905.15,No,409,Monsoon,352
2024-12-01,ELEC101,Electronics,Pune,High Street,20445.2,20,11822.05,Yes,180,Winter,247
2024-04-01,ELEC101,Electronics,Chennai,Mall,18288.2,10,16584.58,No,175,Summer,215
2024-05-01,HOME103,Home Appliances,Kolkata,Supermarket,15371.56,10,10990.46,No,152,Summer,189
2024-11-01,CARE104,Personal Care,Hyderabad,Neighbourhood,796.74,5,7462.68,Yes,605,Festival,938
2024-10-01,ELEC102,Electronics,Kochi,High Street,27931.42,0,9521.49,Yes,128,Festival,229
2025-12-01,GROC101,Groceries,Bengaluru,Neighbourhood,108.01,5,9580.7,Yes,759,Winter,1078
2023-09-01,ELEC102,Electronics,Kochi,Supermarket,24338.99,15,23347.06,No,156,Festival,282
2025-10-01,FASH101,Fashion,Hyderabad,Mall,1514.63,15,6115.66,Yes,341,Festival,567
2025-02-01,ELEC103,Electronics,Chennai,Mall,8429.35,15,23870.64,No,253,Winter,288
2023-01-01,ELEC102,Electronics,Kochi,Supermarket,24806.91,0,18138.31,Yes,200,Winter,238
2023-01-01,CARE101,Personal Care,Hyderabad,Neighbourhood,310.88,5,10708.74,Yes,548,Winter,819
2024-07-01,GROC101,Groceries,Chennai,Supermarket,104.73,10,13471.3,No,1243,Monsoon,1136
2025-08-01,HOME103,Home Appliances,Kochi,Neighbourhood,15659.45,25,20504.59,Yes,82,Monsoon,200
2024-03-01,HOME104,Home Appliances,Chennai,Supermarket,4919.58,0,4890.09,No,173,Summer,162
2023-04-01,FASH104,Fashion,Delhi,Supermarket,3400.42,15,3225.82,No,425,Summer,496
2023-09-01,HOME103,Home Appliances,Delhi,High Street,18261.46,15,4794.51,No,182,Festival,288
2025-08-01,GROC104,Groceries,Kochi,Supermarket,466.26,15,23040.84,Yes,777,Monsoon,789
2025-04-01,CARE102,Personal Care,Kochi,Neighbourhood,668.95,15,20661.58,No,527,Summer,637
2023-12-01,GROC101,Groceries,Chennai,Supermarket,109.28,5,11473.32,Yes,926,Winter,1100
2025-06-01,HOME102,Home Appliances,Delhi,Supermarket,6548.19,5,21796.22,No,173,Monsoon,235
2025-08-01,ELEC104,Electronics,Hyderabad,High Street,3643.6,10,23202.29,Yes,201,Monsoon,306
2025-08-01,HOME101,Home Appliances,Bengaluru,High Street,12343.09,5,10145.15,No,181,Monsoon,191
2023-06-01,HOME102,Home Appliances,Chennai,Neighbourhood,7347.78,5,3841.03,No,91,Monsoon,107
2023-06-01,CARE101,Personal Care,Kolkata,Supermarket,363.65,20,26169.25,No,890,Monsoon,786
2025-05-01,CARE102,Personal Care,Bengaluru,High Street,710.98,15,22084.62,No,968,Summer,988
2025-03-01,HOME104,Home Appliances,Mumbai,Mall,5460.0,15,26166.63,No,224,Summer,283
2023-11-01,FASH101,Fashion,Mumbai,High Street,1415.75,10,20667.23,Yes,333,Festival,696
2024-02-01,GROC101,Groceries,Kolkata,Neighbourhood,132.14,0,19727.21,No,742,Winter,731
2023-10-01,FASH101,Fashion,Delhi,Mall,1604.85,15,21255.39,Yes,493,Festival,853
2024-07-01,FASH102,Fashion,Bengaluru,Supermarket,2287.83,10,15670.7,No,469,Monsoon,507
2024-08-01,ELEC102,Electronics,Mumbai,Neighbourhood,26310.9,10,21293.35,Yes,210,Monsoon,333
2024-09-01,HOME101,Home Appliances,Pune,Mall,13707.29,15,4884.62,No,145,Festival,188
2023-01-01,HOME102,Home Appliances,Hyderabad,High Street,8259.08,15,7582.67,Yes,163,Winter,250
2024-03-01,HOME104,Home Appliances,Hyderabad,Neighbourhood,5053.9,25,16189.38,No,103,Summer,187
2023-02-01,HOME102,Home Appliances,Bengaluru,Supermarket,7173.58,10,4403.71,No,137,Winter,163
2025-02-01,ELEC104,Electronics,Delhi,Neighbourhood,3700.21,5,19112.96,No,170,Winter,259
2023-09-01,FASH103,Fashion,Delhi,Mall,933.11,20,29281.33,No,466,Festival,794
2025-07-01,CARE102,Personal Care,Hyderabad,Neighbourhood,637.4,5,13690.96,No,592,Monsoon,572
2023-11-01,GROC102,Groceries,Pune,Neighbourhood,248.12,0,4491.01,No,538,Festival,729
2024-03-01,CARE104,Personal Care,Mumbai,Mall,1026.3,15,14872.99,No,797,Summer,853
2023-08-01,CARE102,Personal Care,Kolkata,Neighbourhood,623.79,20,12549.81,Yes,643,Monsoon,838
2025-02-01,HOME103,Home Appliances,Bengaluru,Neighbourhood,20628.34,0,10326.88,No,95,Winter,125
2025-08-01,CARE104,Personal Care,Hyderabad,High Street,803.9,10,19847.96,Yes,712,Monsoon,866
2024-05-01,ELEC103,Electronics,Pune,Supermarket,8516.45,10,10611.81,No,191,Summer,179
2024-06-01,FASH104,Fashion,Kolkata,Mall,3021.32,20,17526.61,No,470,Monsoon,460
2024-05-01,ELEC104,Electronics,Delhi,High Street,3488.86,5,23024.32,No,222,Summer,303
2023-07-01,ELEC103,Electronics,Kolkata,High Street,8476.47,0,14235.92,No,190,Monsoon,169
2024-01-01,CARE101,Personal Care,Kochi,Mall,374.81,10,16848.22,No,604,Winter,493
2025-04-01,CARE102,Personal Care,Mumbai,Neighbourhood,631.78,10,27386.15,No,656,Summer,903
2023-08-01,ELEC102,Electronics,Hyderabad,Neighbourhood,24005.43,15,5349.46,Yes,177,Monsoon,252
2025-01-01,ELEC103,Electronics,Hyderabad,Mall,7399.21,20,10107.68,Yes,257,Winter,379
2024-08-01,HOME101,Home Appliances,Kochi,High Street,12195.61,5,8386.64,Yes,100,Monsoon,147
2024-01-01,CARE101,Personal Care,Delhi,Mall,362.1,15,23531.46,Yes,972,Winter,1207
2024-01-01,GROC101,Groceries,Hyderabad,High Street,126.28,10,23598.12,Yes,1064,Winter,1208
2023-10-01,HOME103,Home Appliances,Chennai,Supermarket,16803.74,10,26030.51,No,194,Festival,292
2025-11-01,FASH102,Fashion,Kolkata,Mall,2177.35,5,23881.29,No,339,Festival,489
2023-11-01,FASH103,Fashion,Kochi,Mall,947.9,5,18276.1,No,322,Festival,380
2023-08-01,ELEC101,Electronics,Mumbai,Supermarket,15462.56,5,28960.29,No,315,Monsoon,383
2024-07-01,HOME102,Home Appliances,Hyderabad,Supermarket,7514.24,10,12461.16,No,197,Monsoon,179
2025-12-01,GROC101,Groceries,Delhi,High Street,127.42,15,19812.62,No,1010,Winter,1214
2025-04-01,ELEC102,Electronics,Bengaluru,Neighbourhood,28266.13,20,8014.79,No,155,Summer,213
2023-04-01,HOME103,Home Appliances,Kochi,Supermarket,18514.15,0,7062.75,No,163,Summer,120
2024-12-01,GROC101,Groceries,Bengaluru,Neighbourhood,122.8,15,27417.71,No,934,Winter,1004
2024-04-01,ELEC103,Electronics,Mumbai,Neighbourhood,7398.7,20,22362.26,No,203,Summer,349
2023-04-01,ELEC102,Electronics,Kochi,High Street,23815.81,5,14608.86,No,187,Summer,167
2024-10-01,CARE102,Personal Care,Chennai,Mall,685.52,0,28647.29,Yes,834,Festival,1045
2023-05-01,ELEC103,Electronics,Kolkata,Neighbourhood,8380.79,15,28151.98,No,167,Summer,266
2024-10-01,FASH104,Fashion,Bengaluru,High Street,2730.38,5,25316.88,No,339,Festival,566
2025-05-01,CARE101,Personal Care,Mumbai,Neighbourhood,370.97,15,19657.49,No,737,Summer,1023
2023-12-01,GROC101,Groceries,Mumbai,Neighbourhood,135.78,5,25105.99,No,760,Winter,892
2025-10-01,HOME101,Home Appliances,Delhi,Mall,11015.48,10,19577.2,Yes,183,Festival,418
2024-09-01,ELEC102,Electronics,Hyderabad,Supermarket,23969.2,5,24754.29,No,207,Festival,311
2023-06-01,FASH102,Fashion,Hyderabad,Supermarket,2250.47,0,23570.86,No,503,Monsoon,347
2025-07-01,CARE104,Personal Care,Mumbai,Neighbourhood,1017.11,0,21464.39,No,633,Monsoon,588
2024-08-01,FASH104,Fashion,Bengaluru,High Street,3610.98,5,25811.28,Yes,367,Monsoon,432
2024-03-01,FASH103,Fashion,Mumbai,Supermarket,785.74,15,12575.99,No,516,Summer,658
2024-12-01,CARE101,Personal Care,Kochi,Supermarket,308.62,5,12582.24,Yes,721,Winter,681
2024-02-01,CARE104,Personal Care,Pune,Supermarket,915.21,5,3787.19,No,891,Winter,703
2025-08-01,CARE102,Personal Care,Pune,Supermarket,650.47,5,22750.13,No,637,Monsoon,539
2023-08-01,HOME103,Home Appliances,Pune,High Street,16842.78,5,5467.1,Yes,100,Monsoon,154
2025-10-01,FASH102,Fashion,Chennai,Supermarket,2226.6,20,25805.98,Yes,394,Festival,736
2024-11-01,GROC102,Groceries,Pune,Neighbourhood,233.08,10,27342.74,Yes,815,Festival,1319
2024-05-01,HOME103,Home Appliances,Delhi,Mall,17167.35,15,21119.52,No,203,Summer,277
2024-10-01,ELEC104,Electronics,Hyderabad,Neighbourhood,3452.12,10,24065.11,No,127,Festival,245
2023-09-01,GROC103,Groceries,Chennai,Supermarket,79.93,10,27757.44,No,1229,Festival,1391
2025-10-01,CARE104,Personal Care,Kolkata,Supermarket,1007.45,15,5271.45,Yes,624,Festival,840
2025-11-01,FASH103,Fashion,Chennai,Mall,847.24,25,10141.93,Yes,357,Festival,683
2024-06-01,FASH103,Fashion,Kolkata,Mall,996.65,0,22741.25,No,492,Monsoon,355
2023-12-01,HOME101,Home Appliances,Delhi,Supermarket,10422.79,0,17454.93,Yes,207,Winter,337
2023-12-01,CARE102,Personal Care,Mumbai,Mall,614.42,5,10003.49,Yes,713,Winter,839
2024-11-01,GROC103,Groceries,Chennai,Neighbourhood,78.61,10,12028.83,Yes,730,Festival,1203
2024-07-01,CARE102,Personal Care,Chennai,Neighbourhood,730.11,5,17780.2,No,580,Monsoon,435
2025-08-01,GROC101,Groceries,Hyderabad,Neighbourhood,114.15,10,24676.98,Yes,935,Monsoon,913
2025-12-01,HOME104,Home Appliances,Pune,Neighbourhood,4416.71,0,20498.84,No,113,Winter,160
2024-06-01,CARE104,Personal Care,Pune,High Street,787.15,10,3943.36,No,807,Monsoon,665
2024-01-01,GROC101,Groceries,Bengaluru,Supermarket,137.18,25,24433.09,No,1290,Winter,1504
2025-08-01,GROC103,Groceries,Delhi,High Street,75.93,10,18234.26,No,948,Monsoon,1143
2025-07-01,FASH104,Fashion,Kochi,Supermarket,3468.34,10,3437.41,No,413,Monsoon,305
2023-02-01,GROC104,Groceries,Delhi,Neighbourhood,421.36,0,5518.33,No,1046,Winter,1041
2023-03-01,HOME103,Home Appliances,Bengaluru,Supermarket,18557.01,10,21428.38,No,186,Summer,221
2025-01-01,CARE102,Personal Care,Delhi,High Street,674.44,5,23171.11,Yes,628,Winter,801
2024-04-01,CARE102,Personal Care,Kochi,Neighbourhood,574.62,15,29916.55,No,372,Summer,473
2023-09-01,HOME102,Home Appliances,Kochi,High Street,6956.83,0,3752.01,No,123,Festival,151
2023-01-01,FASH104,Fashion,Delhi,Neighbourhood,3328.08,10,24749.2,Yes,380,Winter,543
2024-12-01,CARE102,Personal Care,Hyderabad,High Street,577.36,20,24605.57,No,591,Winter,900
2023-06-01,HOME101,Home Appliances,Delhi,High Street,12712.2,10,27307.13,No,184,Monsoon,255
2024-06-01,FASH103,Fashion,Kolkata,Mall,823.83,5,20869.53,No,429,Monsoon,445
2024-02-01,HOME104,Home Appliances,Kochi,Mall,4441.05,20,6409.32,No,146,Winter,162
2025-10-01,CARE101,Personal Care,Mumbai,Neighbourhood,327.77,15,11067.14,No,472,Festival,1018
2025-11-01,ELEC104,Electronics,Mumbai,High Street,3542.31,0,25981.07,No,234,Festival,368
2025-01-01,GROC101,Groceries,Chennai,Neighbourhood,116.04,5,15961.28,Yes,569,Winter,771
2024-12-01,FASH101,Fashion,Hyderabad,High Street,1676.09,0,15522.98,Yes,381,Winter,407
2024-08-01,CARE104,Personal Care,Mumbai,Mall,799.65,15,18619.3,No,986,Monsoon,998
2023-09-01,HOME103,Home Appliances,Hyderabad,Supermarket,18643.53,15,8039.28,No,124,Festival,200
2024-10-01,FASH103,Fashion,Kolkata,Neighbourhood,906.36,10,10621.09,Yes,248,Festival,425
2023-09-01,HOME104,Home Appliances,Mumbai,Neighbourhood,5128.38,0,17697.31,No,108,Festival,224
2025-10-01,FASH103,Fashion,Kolkata,High Street,848.1,5,19568.22,No,424,Festival,561
2023-07-01,FASH103,Fashion,Chennai,Neighbourhood,954.47,5,18024.55,No,260,Monsoon,261
2025-01-01,CARE102,Personal Care,Hyderabad,Mall,674.98,25,28127.35,No,709,Winter,934
2025-04-01,ELEC103,Electronics,Chennai,Supermarket,8191.35,5,12331.87,No,250,Summer,217
2024-02-01,FASH102,Fashion,Delhi,Mall,1945.33,0,28408.3,No,563,Winter,630
2025-01-01,FASH102,Fashion,Bengaluru,Supermarket,2161.74,15,20502.3,Yes,558,Winter,727
2024-06-01,ELEC101,Electronics,Bengaluru,High Street,18136.4,5,6002.64,No,257,Monsoon,247
2025-09-01,ELEC104,Electronics,Chennai,Neighbourhood,3746.08,0,8638.44,No,112,Festival,191
2023-09-01,CARE103,Personal Care,Kolkata,Mall,168.96,5,17309.2,No,814,Festival,1043
2025-08-01,ELEC102,Electronics,Delhi,Neighbourhood,25437.64,20,26488.32,Yes,179,Monsoon,326
2023-04-01,FASH102,Fashion,Delhi,Neighbourhood,2387.09,20,10480.87,No,403,Summer,509
2023-01-01,GROC102,Groceries,Pune,High Street,266.65,0,4087.71,Yes,905,Winter,815
2025-09-01,GROC101,Groceries,Delhi,High Street,114.31,10,26594.62,No,843,Festival,1443
2025-05-01,ELEC103,Electronics,Hyderabad,Mall,8345.5,10,13285.7,No,168,Summer,215
2025-09-01,HOME103,Home Appliances,Pune,High Street,16376.82,10,10140.74,No,129,Festival,198
2024-12-01,GROC104,Groceries,Pune,High Street,442.63,10,3393.31,Yes,1062,Winter,1023
2023-09-01,GROC101,Groceries,Hyderabad,Neighbourhood,130.36,20,10650.83,No,883,Festival,1256
2024-03-01,CARE103,Personal Care,Pune,Supermarket,163.92,5,13441.09,No,574,Summer,603
2024-07-01,FASH104,Fashion,Kolkata,Supermarket,3175.46,5,3198.02,No,320,Monsoon,220
2023-08-01,CARE103,Personal Care,Kolkata,Mall,204.83,10,4314.76,Yes,577,Monsoon,557
2023-01-01,GROC103,Groceries,Kolkata,High Street,78.84,10,28297.05,No,1085,Winter,1018
2024-02-01,ELEC104,Electronics,Kochi,Supermarket,3693.53,25,28622.48,No,150,Winter,242
2024-06-01,FASH104,Fashion,Pune,Mall,3037.9,0,23681.23,No,365,Monsoon,274
2025-08-01,HOME104,Home Appliances,Kochi,Neighbourhood,4397.64,0,28831.45,Yes,98,Monsoon,175
2024-01-01,CARE101,Personal Care,Delhi,High Street,319.32,10,18867.82,Yes,737,Winter,935
2023-12-01,CARE102,Personal Care,Pune,Mall,717.03,15,11772.92,No,874,Winter,778
2023-01-01,FASH103,Fashion,Pune,High Street,980.77,5,12023.2,No,335,Winter,358
2025-09-01,FASH104,Fashion,Mumbai,Neighbourhood,2777.23,20,21685.36,No,275,Festival,699
2024-01-01,HOME102,Home Appliances,Hyderabad,Neighbourhood,8105.07,15,29840.2,Yes,121,Winter,253
2024-10-01,CARE102,Personal Care,Kolkata,Mall,593.12,25,12596.86,No,741,Festival,1072
2024-06-01,ELEC101,Electronics,Kochi,Supermarket,18379.55,10,8672.89,No,205,Monsoon,151
2023-07-01,GROC104,Groceries,Delhi,Supermarket,476.32,5,18319.56,No,1463,Monsoon,1330
2024-01-01,ELEC103,Electronics,Delhi,Mall,6946.23,20,21738.47,Yes,222,Winter,454
2023-06-01,FASH101,Fashion,Chennai,High Street,1418.41,0,5826.25,No,299,Monsoon,255
2024-07-01,GROC104,Groceries,Kochi,Neighbourhood,452.89,10,27207.52,No,519,Monsoon,577
2025-10-01,ELEC104,Electronics,Bengaluru,Mall,3426.16,20,23246.22,No,246,Festival,440
2024-06-01,GROC101,Groceries,Chennai,Mall,117.35,10,19616.36,No,818,Monsoon,784
2025-07-01,GROC102,Groceries,Hyderabad,Mall,233.75,5,13808.45,No,1256,Monsoon,1169
2023-04-01,ELEC104,Electronics,Pune,Supermarket,3717.37,10,20889.33,No,236,Summer,244
2023-02-01,CARE101,Personal Care,Delhi,High Street,319.38,15,6589.06,No,861,Winter,1039
2025-06-01,CARE103,Personal Care,Mumbai,Mall,199.39,0,16501.57,No,975,Monsoon,809
2023-10-01,HOME104,Home Appliances,Kochi,Neighbourhood,5270.72,10,1958.2849999999999,Yes,101,Festival,253
2025-02-01,FASH101,Fashion,Pune,Supermarket,1709.54,15,13625.99,No,325,Winter,322
2023-02-01,ELEC101,Electronics,Bengaluru,Supermarket,19221.0,15,12907.96,No,204,Winter,262
2023-05-01,FASH102,Fashion,Mumbai,Neighbourhood,2001.1,5,24151.45,No,404,Summer,481
2023-04-01,ELEC104,Electronics,Pune,Supermarket,3166.95,20,28819.88,No,192,Summer,268
2023-08-01,GROC104,Groceries,Kolkata,Neighbourhood,456.2,10,28007.54,No,822,Monsoon,823
2025-12-01,ELEC102,Electronics,Kolkata,High Street,26369.05,25,11953.65,Yes,202,Winter,305
2025-10-01,HOME103,Home Appliances,Mumbai,High Street,17705.21,0,5274.9,No,142,Festival,203
2023-08-01,FASH104,Fashion,Kolkata,Neighbourhood,3491.12,15,29637.2,Yes,221,Monsoon,404
2023-03-01,CARE104,Personal Care,Unknown,Supermarket,823.78,25,5380.11,No,627,Summer,851
2023-11-01,GROC101,Groceries,Kochi,High Street,122.8,10,11312.6,Yes,920,Festival,1055
2024-02-01,CARE101,Personal Care,Pune,Supermarket,373.66,20,6039.94,No,706,Winter,769
2024-02-01,GROC103,Groceries,Pune,High Street,88.7,5,9292.97,No,985,Winter,871
2025-10-01,CARE104,Personal Care,Kolkata,High Street,824.81,20,4516.37,Yes,691,Festival,1133
2025-05-01,GROC102,Groceries,Hyderabad,Supermarket,250.41,20,16709.46,No,928,Summer,1124
2025-06-01,CARE104,Personal Care,Chennai,Mall,817.84,15,25146.84,No,803,Monsoon,801
2024-05-01,GROC103,Groceries,Bengaluru,Neighbourhood,75.7,10,19093.35,No,1033,Summer,1241
2024-04-01,FASH101,Fashion,Chennai,Neighbourhood,1662.93,10,5845.94,No,287,Summer,282
2024-10-01,GROC103,Groceries,Chennai,High Street,89.03,15,22515.18,Yes,1042,Festival,1329
2025-03-01,FASH103,Fashion,Kolkata,Mall,794.86,15,3960.94,No,501,Summer,473
2024-04-01,GROC103,Groceries,Bengaluru,High Street,82.99,5,5191.43,No,1060,Summer,1087
2024-05-01,GROC103,Groceries,Hyderabad,Supermarket,80.84,0,4017.84,No,1308,Summer,1116
2024-06-01,GROC103,Groceries,Kolkata,High Street,80.92,5,29787.66,No,1113,Monsoon,964
2024-02-01,ELEC103,Electronics,Pune,Neighbourhood,7092.51,25,3493.43,No,164,Winter,220
2025-03-01,ELEC102,Electronics,Kochi,Mall,21761.4,5,8052.36,No,180,Summer,163
2025-06-01,CARE102,Personal Care,Mumbai,Neighbourhood,696.29,15,17500.12,No,730,Monsoon,746
2025-06-01,GROC103,Groceries,Bengaluru,Mall,84.18,5,25796.5,No,1437,Monsoon,1183
2025-10-01,FASH102,Fashion,Chennai,Mall,2229.46,20,5102.13,No,351,Festival,553
2024-04-01,HOME103,Home Appliances,Chennai,High Street,18063.61,0,23774.95,No,166,Summer,183
2023-07-01,HOME103,Home Appliances,Bengaluru,High Street,19374.5,25,15027.23,No,164,Monsoon,222
2023-02-01,GROC102,Groceries,Chennai,Mall,272.23,10,22965.67,No,1110,Winter,1053
2023-06-01,FASH102,Fashion,Hyderabad,Mall,2497.54,5,8667.24,No,372,Monsoon,275
2025-03-01,GROC101,Groceries,Pune,Neighbourhood,116.12,0,28590.05,No,561,Summer,576
2024-11-01,CARE102,Personal Care,Mumbai,Supermarket,675.99,10,15157.63,Yes,1050,Festival,1507
2025-08-01,GROC103,Groceries,Pune,Mall,75.53,5,20162.42,Yes,810,Monsoon,903
2024-05-01,ELEC102,Electronics,Mumbai,Supermarket,25482.97,15,28189.83,No,270,Summer,371
2025-08-01,FASH104,Fashion,Kochi,Neighbourhood,3488.9,10,7864.28,Yes,283,Monsoon,313
2024-10-01,GROC101,Groceries,Mumbai,High Street,114.97,15,5350.92,Yes,1159,Festival,1780
2025-09-01,ELEC104,Electronics,Chennai,Mall,3483.05,0,6327.68,No,187,Festival,226
2025-05-01,GROC101,Groceries,Kochi,High Street,112.85,15,19183.07,No,683,Summer,888
2024-02-01,ELEC101,Electronics,Pune,Neighbourhood,19284.81,25,19130.59,No,162,Winter,215
2024-07-01,GROC104,Groceries,Bengaluru,Mall,417.84,15,19854.5,No,1386,Monsoon,1421
2023-03-01,GROC101,Groceries,Bengaluru,Supermarket,129.44,10,24918.78,No,1143,Summer,1262
2025-11-01,HOME104,Home Appliances,Chennai,High Street,5362.44,10,24737.63,No,129,Festival,232
2025-01-01,GROC102,Groceries,Kolkata,Neighbourhood,268.67,10,12638.53,Yes,607,Winter,796
2025-02-01,ELEC102,Electronics,Kochi,Mall,22045.94,10,17346.63,No,166,Winter,226
2023-02-01,HOME102,Home Appliances,Kochi,Neighbourhood,7580.18,25,19693.85,No,96,Winter,162
2025-12-01,GROC102,Groceries,Kochi,Supermarket,262.25,5,25655.69,Yes,758,Winter,869
2023-03-01,HOME104,Home Appliances,Bengaluru,Neighbourhood,5110.34,25,12224.31,No,128,Summer,203
2025-06-01,CARE103,Personal Care,Kolkata,Supermarket,184.53,10,8588.83,No,917,Monsoon,712
2023-07-01,FASH101,Fashion,Unknown,Supermarket,1349.47,10,22078.31,No,512,Monsoon,549
2024-05-01,GROC101,Groceries,Kolkata,Mall,127.36,20,28072.12,No,1158,Summer,1212
2024-02-01,GROC104,Groceries,Hyderabad,Neighbourhood,454.35,0,25184.32,No,605,Winter,731
2023-01-01,HOME103,Home Appliances,Delhi,High Street,17350.58,0,19664.24,No,179,Winter,237
2023-02-01,HOME101,Home Appliances,Bengaluru,High Street,11382.19,5,16154.72,No,119,Winter,180
2023-11-01,HOME101,Home Appliances,Delhi,High Street,11126.92,20,23909.33,Yes,161,Festival,421
2024-09-01,CARE104,Personal Care,Bengaluru,High Street,1014.11,25,16564.04,No,717,Festival,1109
2023-06-01,ELEC103,Electronics,Bengaluru,High Street,7004.97,10,29256.46,No,219,Monsoon,304
2024-09-01,ELEC102,Electronics,Pune,Neighbourhood,27122.5,10,23254.14,No,133,Festival,251
2025-08-01,GROC102,Groceries,Kochi,Supermarket,242.67,15,14473.75,Yes,1018,Monsoon,866
2023-07-01,ELEC101,Electronics,Bengaluru,High Street,17423.61,0,19651.24,No,256,Monsoon,285
2024-12-01,CARE102,Personal Care,Delhi,Mall,701.99,0,29089.41,No,1043,Winter,932
2024-01-01,ELEC104,Electronics,Bengaluru,Supermarket,3279.55,15,8439.53,Yes,207,Winter,346
2023-08-01,GROC101,Groceries,Kolkata,Mall,104.3,0,11569.5,Yes,1042,Monsoon,896
2023-12-01,GROC103,Groceries,Delhi,Neighbourhood,88.66,10,21762.8,Yes,804,Winter,1040
2024-11-01,HOME101,Home Appliances,Kolkata,Supermarket,12535.26,20,27279.72,Yes,127,Festival,353
2024-03-01,GROC104,Groceries,Pune,Supermarket,473.81,15,11126.09,No,863,Summer,844
2023-11-01,HOME102,Home Appliances,Chennai,Mall,7388.12,25,9818.32,Yes,175,Festival,361
2024-01-01,FASH104,Fashion,Hyderabad,Mall,3525.06,25,24831.4,Yes,318,Winter,494
2025-09-01,HOME101,Home Appliances,Delhi,Mall,11596.7,20,25398.28,No,144,Festival,325
2025-10-01,CARE103,Personal Care,Bengaluru,Mall,172.62,15,28330.89,Yes,787,Festival,1408
2023-10-01,FASH101,Fashion,Pune,High Street,1454.61,5,9540.94,Yes,428,Festival,580
2025-07-01,GROC104,Groceries,Kolkata,Neighbourhood,433.42,25,24649.68,No,696,Monsoon,962
2025-11-01,ELEC103,Electronics,Bengaluru,Mall,7974.15,10,6600.3,Yes,213,Festival,407
2024-04-01,HOME104,Home Appliances,Chennai,High Street,4502.03,10,12579.53,No,129,Summer,167
2025-02-01,ELEC102,Electronics,Hyderabad,Supermarket,26508.23,10,14089.75,No,227,Winter,243
2023-02-01,ELEC104,Electronics,Kolkata,Supermarket,3508.35,15,23258.93,No,195,Winter,281
2025-02-01,ELEC103,Electronics,Chennai,Supermarket,9053.3,10,10963.54,No,213,Winter,213
2023-03-01,ELEC102,Electronics,Bengaluru,Mall,24451.44,25,6001.07,No,182,Summer,275
2024-11-01,CARE104,Personal Care,Pune,Supermarket,903.41,25,10853.68,Yes,873,Festival,1246
2025-06-01,CARE102,Personal Care,Hyderabad,High Street,692.0,10,29278.04,No,609,Monsoon,697
2023-10-01,GROC101,Groceries,Chennai,Supermarket,118.57,20,22161.13,No,837,Festival,1313
2023-08-01,ELEC104,Electronics,Kochi,Supermarket,3779.16,15,5138.76,Yes,139,Monsoon,171
2024-07-01,HOME102,Home Appliances,Kochi,Mall,8384.94,15,14686.68,No,129,Monsoon,111
2023-10-01,ELEC101,Electronics,Pune,High Street,20405.01,10,4545.39,No,139,Festival,196
2023-05-01,CARE102,Personal Care,Pune,High Street,713.11,25,22143.04,No,676,Summer,750
2024-09-01,FASH101,Fashion,Kolkata,Supermarket,1435.99,15,4725.33,No,330,Festival,541
2023-06-01,FASH101,Fashion,Chennai,Mall,1277.78,20,24888.46,No,492,Monsoon,539
2023-07-01,GROC102,Groceries,Mumbai,Neighbourhood,214.3,15,17421.77,No,945,Monsoon,1187
2024-06-01,CARE102,Personal Care,Mumbai,Supermarket,631.6,10,7567.37,No,1159,Monsoon,1128
2023-05-01,HOME104,Home Appliances,Kolkata,Mall,5065.68,5,21764.19,No,150,Summer,192
2025-11-01,ELEC101,Electronics,Pune,Neighbourhood,19521.61,10,16072.67,No,142,Festival,217
2024-07-01,CARE104,Personal Care,Delhi,Mall,967.66,5,9371.91,No,724,Monsoon,662
2024-10-01,GROC104,Groceries,Hyderabad,Neighbourhood,499.06,10,6765.16,Yes,895,Festival,1189
2025-07-01,GROC103,Groceries,Delhi,High Street,74.3,0,18692.82,No,1236,Monsoon,1172
2024-06-01,CARE102,Personal Care,Delhi,High Street,740.99,20,14972.86,No,733,Monsoon,779
2024-02-01,HOME101,Home Appliances,Hyderabad,Supermarket,11590.64,0,12543.78,No,148,Winter,146
2023-12-01,GROC102,Groceries,Bengaluru,Supermarket,286.25,10,9523.23,No,1376,Winter,1311
2025-10-01,GROC102,Groceries,Chennai,High Street,242.16,5,21554.13,No,905,Festival,1185
2024-10-01,GROC103,Groceries,Mumbai,Mall,76.35,5,19746.34,Yes,1009,Festival,1562
2024-12-01,ELEC104,Electronics,Hyderabad,Supermarket,3714.23,10,8871.23,Yes,214,Winter,283
2025-11-01,HOME101,Home Appliances,Kolkata,Mall,13241.51,20,12711.24,No,135,Festival,231
2025-11-01,ELEC101,Electronics,Bengaluru,Mall,16519.53,15,7752.67,No,231,Festival,385
2023-10-01,ELEC101,Electronics,Kolkata,High Street,16783.2,10,15809.74,Yes,196,Festival,412
2023-07-01,CARE104,Personal Care,Bengaluru,High Street,885.05,15,3731.19,No,764,Monsoon,849
2025-08-01,HOME101,Home Appliances,Bengaluru,High Street,12194.33,10,11044.78,Yes,130,Monsoon,224
2024-11-01,FASH102,Fashion,Hyderabad,High Street,2376.72,15,6077.08,Yes,450,Festival,713
2024-10-01,GROC103,Groceries,Chennai,Supermarket,70.05,20,26386.96,Yes,970,Festival,1688
2024-03-01,GROC103,Groceries,Kolkata,Neighbourhood,71.92,15,5816.45,No,592,Summer,847
2024-04-01,FASH101,Fashion,Pune,Neighbourhood,1647.68,20,19903.48,No,209,Summer,338
2025-03-01,GROC104,Groceries,Pune,High Street,400.53,20,13440.8,No,1041,Summer,1135
2025-07-01,FASH101,Fashion,Kolkata,Mall,1351.77,20,14792.46,No,395,Monsoon,468
2025-05-01,HOME103,Home Appliances,Kochi,High Street,19216.76,15,25582.22,No,143,Summer,171
2023-01-01,FASH103,Fashion,Pune,Neighbourhood,1011.19,25,14856.53,Yes,247,Winter,441
2024-06-01,HOME101,Home Appliances,Kolkata,High Street,11736.82,0,15663.67,No,165,Monsoon,144
2024-09-01,ELEC103,Electronics,Hyderabad,Neighbourhood,7946.88,5,12592.67,No,164,Festival,268
2025-02-01,HOME102,Home Appliances,Kolkata,Mall,7849.9,0,4074.52,No,156,Winter,116
2024-09-01,GROC102,Groceries,Mumbai,High Street,255.46,10,6705.13,No,1382,Festival,1674
2023-08-01,ELEC101,Electronics,Pune,Neighbourhood,16673.0,5,20038.33,Yes,151,Monsoon,270
2025-05-01,ELEC103,Electronics,Hyderabad,High Street,8545.89,15,26479.64,No,167,Summer,249
2024-10-01,ELEC104,Electronics,Chennai,Neighbourhood,3089.97,10,8477.04,No,146,Festival,246
2025-04-01,HOME104,Home Appliances,Pune,Mall,4558.82,15,12516.99,No,115,Summer,163
2023-02-01,ELEC101,Electronics,Chennai,Supermarket,18693.07,25,7970.74,No,173,Winter,239
2023-06-01,CARE102,Personal Care,Bengaluru,High Street,710.29,15,21166.46,No,783,Monsoon,895
2024-12-01,HOME101,Home Appliances,Kochi,Mall,10318.84,10,28756.29,Yes,145,Winter,240
2025-02-01,CARE101,Personal Care,Kolkata,Supermarket,399.99,20,9001.63,No,666,Winter,754
2024-05-01,FASH102,Fashion,Pune,Neighbourhood,2101.51,10,25482.73,No,265,Summer,298
2025-02-01,ELEC101,Electronics,Kolkata,Supermarket,18613.89,5,9023.33,No,220,Winter,208
2025-12-01,HOME101,Home Appliances,Kochi,Neighbourhood,11293.45,5,5511.47,Yes,70,Winter,156
2024-10-01,FASH101,Fashion,Delhi,Mall,1350.08,0,27940.75,No,440,Festival,653
2024-06-01,GROC101,Groceries,Delhi,Neighbourhood,1958.2849999999999,0,5774.74,No,710,Monsoon,856
2023-09-01,ELEC101,Electronics,Bengaluru,Neighbourhood,17821.9,0,21512.6,No,142,Festival,230
2024-08-01,GROC103,Groceries,Kochi,Supermarket,87.61,20,15105.35,Yes,788,Monsoon,768
2025-08-01,GROC103,Groceries,Kochi,Mall,85.7,20,9826.61,Yes,777,Monsoon,705
2025-05-01,CARE102,Personal Care,Hyderabad,Mall,692.78,5,3759.28,No,735,Summer,588
2024-04-01,FASH102,Fashion,Mumbai,Supermarket,1984.81,20,4247.31,No,524,Summer,639
2024-08-01,GROC104,Groceries,Kochi,Mall,418.3,5,20897.21,No,1062,Monsoon,923
2023-05-01,CARE101,Personal Care,Bengaluru,Neighbourhood,352.28,15,8756.51,No,682,Summer,821
2025-02-01,ELEC101,Electronics,Hyderabad,Mall,20599.47,5,20001.46,No,208,Winter,220
2025-07-01,HOME103,Home Appliances,Bengaluru,Neighbourhood,19851.91,10,15038.94,No,132,Monsoon,175
2025-01-01,GROC101,Groceries,Hyderabad,Supermarket,122.96,0,11096.61,Yes,1210,Winter,1070
2023-12-01,ELEC104,Electronics,Bengaluru,Supermarket,3413.25,15,6896.43,Yes,188,Winter,338
2024-10-01,CARE103,Personal Care,Hyderabad,High Street,162.33,5,19793.48,No,881,Festival,1142
2024-07-01,CARE103,Personal Care,Pune,Neighbourhood,153.47,0,3539.27,No,515,Monsoon,451
2024-07-01,GROC102,Groceries,Chennai,Supermarket,223.41,15,26705.42,No,955,Monsoon,1051
2025-08-01,HOME104,Home Appliances,Chennai,High Street,5494.91,10,14221.95,Yes,161,Monsoon,214
2025-09-01,FASH103,Fashion,Kochi,Supermarket,780.05,15,27616.65,No,393,Festival,465
2023-02-01,ELEC102,Electronics,Hyderabad,High Street,26640.24,10,18828.36,No,197,Winter,249
2023-10-01,ELEC103,Electronics,Hyderabad,Mall,8796.14,5,15506.38,Yes,264,Festival,418
2023-07-01,GROC101,Groceries,Chennai,Mall,130.01,10,8952.7,No,861,Monsoon,784
2023-02-01,ELEC101,Electronics,Bengaluru,Supermarket,15976.24,25,13315.45,No,189,Winter,313
2024-07-01,FASH102,Fashion,Pune,Mall,2297.7,0,9627.27,No,423,Monsoon,334
2023-05-01,ELEC103,Electronics,Delhi,Supermarket,7041.1,10,16747.27,No,194,Summer,260
2024-10-01,HOME103,Home Appliances,Pune,High Street,16590.59,5,10594.68,Yes,112,Festival,239
2024-04-01,GROC101,Groceries,Kolkata,Neighbourhood,114.19,5,3191.48,No,784,Summer,761
2023-03-01,GROC102,Groceries,Kolkata,Mall,221.62,0,20093.3,No,1241,Summer,1094
2024-11-01,CARE101,Personal Care,Kochi,Mall,312.13,20,17046.26,Yes,502,Festival,939
2023-03-01,HOME103,Home Appliances,Delhi,High Street,19647.64,5,25953.58,No,144,Summer,222
2023-11-01,CARE103,Personal Care,Mumbai,Mall,205.11,5,10385.63,Yes,1113,Festival,1420
2023-02-01,ELEC103,Electronics,Mumbai,High Street,8774.38,15,3358.59,No,231,Winter,317
2025-05-01,HOME103,Home Appliances,Chennai,High Street,15978.14,15,23669.67,No,116,Summer,205
2023-01-01,FASH101,Fashion,Chennai,Supermarket,1345.74,10,28983.13,Yes,330,Winter,491
2024-10-01,CARE101,Personal Care,Pune,High Street,400.29,20,16550.48,Yes,730,Festival,1015
2024-04-01,GROC104,Groceries,Delhi,Mall,498.08,20,5679.42,No,971,Summer,1091
2024-12-01,HOME101,Home Appliances,Kolkata,High Street,12418.26,0,28942.39,No,149,Winter,191
2024-04-01,ELEC102,Electronics,Kolkata,High Street,27749.47,0,19026.53,No,153,Summer,155
2024-04-01,FASH104,Fashion,Bengaluru,High Street,3539.05,10,18695.67,No,333,Summer,397
2024-05-01,GROC102,Groceries,Chennai,Neighbourhood,272.26,10,12206.1,No,829,Summer,696
2025-09-01,GROC101,Groceries,Kochi,Neighbourhood,122.62,10,9435.1,No,701,Festival,703
2023-04-01,GROC102,Groceries,Kolkata,Mall,270.88,0,7604.53,No,1007,Summer,753
2024-04-01,FASH102,Fashion,Kolkata,Neighbourhood,2067.01,0,21153.77,No,256,Summer,278
2023-06-01,FASH104,Fashion,Kochi,High Street,3357.47,0,9414.12,No,310,Monsoon,202
2025-09-01,ELEC101,Electronics,Hyderabad,Mall,15582.31,15,26018.65,No,184,Festival,362
2025-07-01,FASH103,Fashion,Chennai,High Street,905.19,5,9327.99,No,298,Monsoon,312
2024-12-01,CARE103,Personal Care,Hyderabad,Supermarket,202.86,5,17710.27,Yes,901,Winter,897
2024-07-01,CARE104,Personal Care,Mumbai,Supermarket,981.61,25,24241.52,No,940,Monsoon,1025
2024-11-01,FASH104,Fashion,Pune,Supermarket,2912.68,15,26764.18,Yes,361,Festival,681
2024-10-01,GROC102,Groceries,Pune,Supermarket,247.48,15,12764.98,Yes,1218,Festival,1616
2024-06-01,GROC102,Groceries,Hyderabad,High Street,283.46,10,18653.83,No,1012,Monsoon,944
2024-07-01,CARE104,Personal Care,Delhi,Neighbourhood,962.08,0,26996.16,No,479,Monsoon,573
2023-08-01,ELEC101,Electronics,Mumbai,Supermarket,16067.78,0,4426.3,Yes,201,Monsoon,276
2024-10-01,FASH104,Fashion,Delhi,Neighbourhood,3026.06,5,19024.4,Yes,267,Festival,621
2025-04-01,HOME102,Home Appliances,Kochi,Neighbourhood,7043.73,15,6661.92,No,72,Summer,116
2025-10-01,FASH102,Fashion,Hyderabad,Neighbourhood,2425.85,5,8651.26,Yes,323,Festival,529
2024-11-01,CARE102,Personal Care,Mumbai,High Street,702.12,5,28019.97,Yes,743,Festival,1195
2023-08-01,HOME103,Home Appliances,Delhi,Mall,16746.89,0,17045.25,Yes,133,Monsoon,249
2025-10-01,HOME103,Home Appliances,Hyderabad,Supermarket,18692.32,0,6277.04,No,186,Festival,224
2025-04-01,CARE103,Personal Care,Delhi,Supermarket,205.49,10,7297.3,No,853,Summer,734
2023-03-01,CARE103,Personal Care,Hyderabad,High Street,192.99,10,23437.02,No,754,Summer,770
2024-02-01,HOME101,Home Appliances,Mumbai,Supermarket,11414.92,0,3488.19,No,177,Winter,181
2024-07-01,HOME101,Home Appliances,Mumbai,Supermarket,13378.16,25,15770.75,No,189,Monsoon,243
2023-02-01,HOME102,Home Appliances,Hyderabad,Supermarket,8398.9,5,28403.76,No,177,Winter,207
2023-02-01,CARE101,Personal Care,Bengaluru,High Street,378.88,25,19792.29,No,826,Winter,1077
2024-07-01,FASH101,Fashion,Mumbai,Neighbourhood,1530.97,5,26428.53,No,324,Monsoon,438
2025-10-01,ELEC104,Electronics,Pune,Supermarket,3728.76,25,29800.89,No,184,Festival,366
2025-10-01,FASH104,Fashion,Kolkata,Supermarket,3466.79,10,13323.81,Yes,393,Festival,602
2025-10-01,HOME103,Home Appliances,Kochi,Mall,18921.93,10,10274.87,Yes,154,Festival,248
2024-09-01,CARE102,Personal Care,Hyderabad,Neighbourhood,622.7,15,5071.53,No,525,Festival,956
2023-08-01,GROC101,Groceries,Kochi,Mall,118.8,10,4423.16,Yes,975,Monsoon,851
2025-02-01,ELEC104,Electronics,Hyderabad,Neighbourhood,3673.06,20,5840.93,No,164,Winter,264
2024-11-01,HOME104,Home Appliances,Kolkata,Supermarket,5720.01,5,19098.98,No,117,Festival,182
2025-02-01,ELEC101,Electronics,Bengaluru,Mall,16428.91,5,25909.02,No,286,Winter,359
2023-02-01,CARE103,Personal Care,Chennai,High Street,172.27,10,7435.3,No,683,Winter,750
2023-09-01,FASH101,Fashion,Chennai,Supermarket,1647.42,15,29132.34,No,501,Festival,687
2023-05-01,CARE104,Personal Care,Mumbai,Mall,1005.86,15,22787.69,No,900,Summer,978
2023-08-01,ELEC104,Electronics,Mumbai,Mall,4015.17,15,10503.06,Yes,227,Monsoon,334
2024-11-01,HOME102,Home Appliances,Chennai,Mall,8166.64,10,18742.83,No,161,Festival,235
2025-05-01,ELEC104,Electronics,Bengaluru,Supermarket,3874.4,5,13693.47,No,211,Summer,229
2023-12-01,ELEC103,Electronics,Bengaluru,Supermarket,9172.09,10,15562.49,Yes,218,Winter,314
2024-06-01,ELEC104,Electronics,Hyderabad,High Street,3746.5,5,9807.89,No,197,Monsoon,181
2025-04-01,FASH104,Fashion,Chennai,Supermarket,2841.09,0,17297.41,No,371,Summer,377
2025-10-01,FASH102,Fashion,Kolkata,Mall,2234.11,0,25709.6,No,388,Festival,474
2024-11-01,ELEC101,Electronics,Mumbai,Supermarket,17175.36,0,10161.17,No,317,Festival,419
2024-06-01,CARE104,Personal Care,Mumbai,Supermarket,1020.58,5,22610.19,No,804,Monsoon,727
2023-11-01,FASH101,Fashion,Hyderabad,Supermarket,1507.71,20,6160.74,Yes,358,Festival,628
2024-07-01,GROC104,Groceries,Kolkata,Supermarket,478.98,10,19302.4,No,971,Monsoon,1046
2023-01-01,ELEC104,Electronics,Chennai,Mall,3406.9,20,6921.08,Yes,254,Winter,340
2024-12-01,FASH101,Fashion,Delhi,Supermarket,1622.16,15,27708.75,No,540,Winter,651
2024-12-01,ELEC104,Electronics,Bengaluru,Supermarket,3872.41,0,20025.01,No,212,Winter,270
2023-04-01,FASH101,Fashion,Bengaluru,Mall,1305.0,5,29961.14,No,352,Summer,488
2024-07-01,CARE101,Personal Care,Bengaluru,Mall,394.75,20,3245.65,No,677,Monsoon,788
2025-05-01,FASH103,Fashion,Bengaluru,Supermarket,1027.05,10,18091.74,No,443,Summer,430
2025-06-01,ELEC101,Electronics,Kochi,Supermarket,16599.68,15,23077.27,No,206,Monsoon,216
2023-01-01,HOME103,Home Appliances,Bengaluru,Mall,17277.95,15,4429.27,No,211,Winter,218
2024-05-01,CARE101,Personal Care,Bengaluru,Supermarket,317.44,15,25106.16,No,725,Summer,879
2025-02-01,HOME101,Home Appliances,Hyderabad,Neighbourhood,10480.36,20,22083.7,No,132,Winter,245
2024-08-01,CARE104,Personal Care,Kolkata,Neighbourhood,943.77,10,27640.18,No,520,Monsoon,461
2024-01-01,ELEC101,Electronics,Bengaluru,Mall,17751.38,15,11144.88,Yes,280,Winter,390
2025-06-01,FASH104,Fashion,Pune,High Street,3458.34,0,27351.56,No,339,Monsoon,309
2023-11-01,ELEC101,Electronics,Bengaluru,High Street,19720.4,5,27289.22,No,184,Festival,333
2025-03-01,GROC101,Groceries,Chennai,Mall,105.67,0,22669.34,No,879,Summer,874
2024-12-01,CARE102,Personal Care,Hyderabad,Supermarket,712.08,10,7635.31,No,897,Winter,706
2023-07-01,FASH104,Fashion,Delhi,Supermarket,3223.69,15,20263.12,No,455,Monsoon,533
2023-10-01,HOME102,Home Appliances,Hyderabad,Supermarket,7487.84,15,27158.18,Yes,156,Festival,385
2025-04-01,GROC102,Groceries,Pune,Mall,219.16,20,26354.86,No,895,Summer,1056
2025-10-01,FASH102,Fashion,Pune,High Street,2351.41,0,18112.37,Yes,402,Festival,487
2024-09-01,HOME101,Home Appliances,Pune,Mall,11395.2,15,23099.94,No,117,Festival,230
2024-02-01,HOME101,Home Appliances,Mumbai,Neighbourhood,12256.8,20,19401.74,No,126,Winter,226
2025-02-01,GROC104,Groceries,Hyderabad,High Street,484.07,20,3476.42,No,1000,Winter,952
2025-04-01,CARE103,Personal Care,Mumbai,Neighbourhood,196.36,15,14212.06,No,556,Summer,776
2025-08-01,GROC104,Groceries,Bengaluru,Supermarket,464.86,5,13327.08,Yes,946,Monsoon,1061
2023-01-01,ELEC104,Electronics,Chennai,Supermarket,3923.44,15,5660.76,Yes,238,Winter,286
2023-12-01,GROC103,Groceries,Pune,Mall,84.93,0,9578.24,Yes,1028,Winter,955
2023-08-01,CARE101,Personal Care,Kochi,High Street,345.76,15,9037.27,No,535,Monsoon,533
2023-04-01,CARE104,Personal Care,Chennai,Mall,1004.9,0,14931.51,No,614,Summer,529
2025-11-01,ELEC103,Electronics,Chennai,High Street,8430.01,25,5000.02,No,180,Festival,298
2024-10-01,ELEC103,Electronics,Pune,Neighbourhood,7879.0,0,25595.31,Yes,170,Festival,314
2023-06-01,CARE103,Personal Care,Bengaluru,Mall,183.23,10,17043.12,No,907,Monsoon,835
2023-08-01,GROC104,Groceries,Kolkata,Mall,468.37,20,7447.73,Yes,924,Monsoon,979
2024-06-01,GROC102,Groceries,Pune,High Street,253.92,10,19169.84,No,796,Monsoon,880
2024-08-01,GROC103,Groceries,Kochi,High Street,88.41,15,17864.72,No,724,Monsoon,511
2024-04-01,ELEC104,Electronics,Pune,Supermarket,3077.95,5,17224.06,No,159,Summer,185
2023-11-01,HOME102,Home Appliances,Kolkata,Supermarket,8148.9,10,25088.81,No,181,Festival,261
2023-06-01,ELEC103,Electronics,Delhi,Neighbourhood,7114.11,10,9360.28,No,206,Monsoon,257
2025-01-01,FASH101,Fashion,Hyderabad,Supermarket,1694.46,15,23796.18,No,382,Winter,450
2024-04-01,HOME101,Home Appliances,Chennai,Neighbourhood,10520.44,25,16811.19,No,125,Summer,196
2023-05-01,GROC103,Groceries,Pune,High Street,71.83,10,29136.6,No,1083,Summer,1045
2023-04-01,CARE101,Personal Care,Hyderabad,High Street,342.85,20,13424.68,No,784,Summer,818
2023-06-01,CARE103,Personal Care,Kolkata,High Street,186.97,25,12997.91,No,589,Monsoon,714
2025-12-01,CARE101,Personal Care,Bengaluru,High Street,398.09,10,16582.96,Yes,831,Winter,949
2025-10-01,FASH101,Fashion,Kolkata,High Street,1493.53,5,22012.74,Yes,277,Festival,504
2023-10-01,FASH102,Fashion,Hyderabad,Neighbourhood,1968.6,5,16769.6,Yes,352,Festival,577
2024-06-01,HOME103,Home Appliances,Hyderabad,High Street,15902.83,10,6115.88,No,164,Monsoon,154
2024-07-01,HOME104,Home Appliances,Pune,Supermarket,4328.52,5,9236.44,No,170,Monsoon,189
2023-09-01,CARE104,Personal Care,Chennai,Neighbourhood,823.15,5,10880.41,No,434,Festival,718
2025-06-01,HOME104,Home Appliances,Kolkata,Supermarket,5098.83,5,19619.92,No,120,Monsoon,145
2023-09-01,HOME104,Home Appliances,Unknown,Mall,5542.81,15,20660.09,No,127,Festival,186
2025-04-01,CARE102,Personal Care,Bengaluru,High Street,710.83,5,26413.11,No,852,Summer,828
2024-08-01,ELEC101,Electronics,Kolkata,High Street,19138.83,0,29280.9,No,164,Monsoon,203
2024-02-01,FASH101,Fashion,Kochi,Supermarket,1504.02,5,11614.19,No,440,Winter,350
2023-12-01,GROC103,Groceries,Delhi,High Street,89.67,15,25961.6,Yes,898,Winter,1232
2023-11-01,CARE103,Personal Care,Hyderabad,Mall,160.15,5,21151.63,Yes,871,Festival,1152
2025-01-01,ELEC102,Electronics,Kochi,Supermarket,21552.11,20,24730.49,Yes,216,Winter,313
2023-03-01,HOME102,Home Appliances,Pune,Mall,7962.96,10,25162.69,No,123,Summer,178
2025-03-01,FASH101,Fashion,Chennai,Supermarket,1449.23,15,12344.93,No,490,Summer,494
2023-03-01,ELEC102,Electronics,Kochi,Supermarket,26568.45,10,3568.56,No,141,Summer,117
2024-01-01,HOME103,Home Appliances,Mumbai,Neighbourhood,18273.73,15,25053.42,No,143,Winter,252
2023-04-01,ELEC104,Electronics,Delhi,Supermarket,3273.5,15,18816.01,No,265,Summer,378
2023-11-01,HOME102,Home Appliances,Bengaluru,High Street,7584.81,10,20917.87,No,148,Festival,271
2025-01-01,FASH104,Fashion,Kolkata,Mall,2850.07,15,15084.39,No,362,Winter,470
2024-07-01,ELEC102,Electronics,Hyderabad,High Street,24663.43,20,18009.62,No,188,Monsoon,243
2024-04-01,CARE104,Personal Care,Pune,Supermarket,869.79,5,9541.92,No,898,Summer,731
2024-11-01,ELEC104,Electronics,Delhi,Supermarket,3053.15,10,16599.68,Yes,264,Festival,528
2024-05-01,HOME103,Home Appliances,Chennai,Neighbourhood,15477.92,5,18933.44,No,105,Summer,183
2024-10-01,GROC101,Groceries,Mumbai,Neighbourhood,129.22,10,15212.48,Yes,781,Festival,1424
2023-06-01,HOME101,Home Appliances,Hyderabad,Neighbourhood,10888.36,25,11444.01,No,108,Monsoon,172
2023-10-01,GROC104,Groceries,Chennai,Supermarket,411.13,15,5837.63,No,895,Festival,1260
2023-09-01,GROC101,Groceries,Delhi,Supermarket,106.41,20,17418.98,No,1516,Festival,2336
2025-02-01,ELEC104,Electronics,Hyderabad,Mall,3155.97,10,23313.05,No,262,Winter,340
2024-11-01,GROC103,Groceries,Kochi,Mall,84.06,10,6409.65,No,718,Festival,1023
2025-07-01,HOME102,Home Appliances,Kolkata,Mall,8071.08,15,8914.6,No,145,Monsoon,162
2025-09-01,HOME103,Home Appliances,Chennai,High Street,18455.33,20,16730.24,No,124,Festival,241
2023-06-01,HOME101,Home Appliances,Chennai,Neighbourhood,11679.36,15,19988.92,No,114,Monsoon,165
2023-06-01,HOME102,Home Appliances,Kolkata,Mall,8370.37,10,13215.38,No,168,Monsoon,159
2024-07-01,GROC101,Groceries,Delhi,High Street,109.58,15,16538.92,No,966,Monsoon,1296
2025-05-01,HOME102,Home Appliances,Kochi,Supermarket,6770.51,10,6913.18,No,116,Summer,119
2023-08-01,FASH103,Fashion,Kochi,High Street,812.63,10,24943.79,Yes,254,Monsoon,344
2025-02-01,GROC102,Groceries,Hyderabad,Mall,226.27,25,9824.68,No,1036,Winter,1396
2025-07-01,HOME102,Home Appliances,Pune,Neighbourhood,8337.36,20,4923.97,No,116,Monsoon,119
2023-05-01,ELEC101,Electronics,Delhi,Supermarket,20408.81,20,9607.32,No,207,Summer,265
2025-02-01,HOME104,Home Appliances,Chennai,Mall,5104.21,10,12265.69,No,154,Winter,182
2025-04-01,HOME101,Home Appliances,Mumbai,High Street,12582.85,20,14719.32,No,189,Summer,248
2023-07-01,HOME102,Home Appliances,Kolkata,Supermarket,6501.01,20,15962.91,No,158,Monsoon,197
2023-01-01,FASH102,Fashion,Hyderabad,High Street,2130.66,10,9858.84,No,479,Winter,467
2024-09-01,CARE101,Personal Care,Mumbai,Supermarket,367.85,5,3010.84,No,1079,Festival,1288
2023-05-01,GROC104,Groceries,Kolkata,High Street,386.51,0,4936.76,No,1020,Summer,755
2024-09-01,HOME101,Home Appliances,Kochi,Mall,12253.13,10,4446.57,No,104,Festival,120
2025-06-01,ELEC101,Electronics,Kolkata,Neighbourhood,18296.06,25,12207.54,No,177,Monsoon,233
2023-06-01,ELEC101,Electronics,Kochi,Mall,20582.63,0,7280.05,No,174,Monsoon,130
2024-05-01,HOME102,Home Appliances,Delhi,Mall,6466.32,20,27670.64,No,205,Summer,300
2023-04-01,ELEC102,Electronics,Chennai,High Street,27030.19,10,10128.35,No,142,Summer,151
2024-12-01,ELEC102,Electronics,Delhi,Mall,24270.03,10,8611.78,No,273,Winter,318
2025-07-01,FASH104,Fashion,Hyderabad,Supermarket,3547.16,5,28439.01,No,445,Monsoon,371
2023-07-01,HOME103,Home Appliances,Delhi,Supermarket,16070.33,25,16745.21,No,214,Monsoon,276
2024-05-01,CARE103,Personal Care,Hyderabad,Supermarket,178.42,10,22079.35,No,999,Summer,922
2023-04-01,CARE102,Personal Care,Kochi,Neighbourhood,586.84,15,22351.4,No,487,Summer,583
2025-04-01,ELEC104,Electronics,Delhi,Supermarket,3479.14,20,13076.6,No,254,Summer,306
2024-04-01,FASH102,Fashion,Bengaluru,Neighbourhood,2148.88,5,11055.12,No,283,Summer,362
2024-12-01,FASH102,Fashion,Delhi,Mall,1928.89,10,14636.54,Yes,590,Winter,797
2023-11-01,ELEC102,Electronics,Kolkata,Supermarket,24428.56,5,20546.33,Yes,249,Festival,417
2024-02-01,HOME101,Home Appliances,Mumbai,Neighbourhood,13422.12,0,21522.65,No,109,Winter,174
2024-11-01,CARE103,Personal Care,Delhi,Supermarket,205.42,15,7744.31,Yes,885,Festival,1287
2023-12-01,ELEC101,Electronics,Mumbai,Mall,19965.36,15,11069.31,Yes,200,Winter,326
2023-04-01,GROC104,Groceries,Chennai,Neighbourhood,432.14,10,5716.74,No,651,Summer,918
2024-11-01,GROC101,Groceries,Mumbai,Neighbourhood,109.57,5,3622.27,No,739,Festival,1148
2025-05-01,GROC102,Groceries,Delhi,Mall,260.86,0,12170.84,No,1348,Summer,1125
2024-09-01,ELEC103,Electronics,Delhi,Mall,7268.26,20,27100.51,No,239,Festival,477
2025-05-01,HOME103,Home Appliances,Kochi,Neighbourhood,16688.32,5,15945.28,No,82,Summer,136
2024-02-01,HOME104,Home Appliances,Kochi,Mall,5501.64,20,25491.17,No,139,Winter,168
2025-07-01,ELEC104,Electronics,Hyderabad,Mall,3675.79,10,3344.67,No,257,Monsoon,201
2023-03-01,FASH102,Fashion,Delhi,High Street,1923.5,15,22344.23,No,379,Summer,553
2023-03-01,CARE104,Personal Care,Pune,Neighbourhood,952.21,20,7597.0,No,437,Summer,565
2025-08-01,CARE103,Personal Care,Kochi,Mall,204.44,20,13931.22,Yes,785,Monsoon,693
2025-02-01,ELEC104,Electronics,Pune,High Street,3564.55,20,8020.21,No,154,Winter,191
2025-02-01,GROC102,Groceries,Pune,Neighbourhood,268.63,10,24166.07,No,624,Winter,779
2024-04-01,GROC102,Groceries,Chennai,Supermarket,233.05,15,25841.06,No,1040,Summer,1220
2024-09-01,FASH101,Fashion,Pune,High Street,1653.2,10,21934.92,No,399,Festival,466
2023-09-01,ELEC101,Electronics,Kochi,High Street,17556.7,15,23206.97,No,197,Festival,261
2024-05-01,HOME101,Home Appliances,Hyderabad,Neighbourhood,12734.17,20,28533.19,No,104,Summer,196
2025-07-01,CARE101,Personal Care,Kochi,Mall,321.97,10,18487.95,No,737,Monsoon,732
2025-11-01,CARE104,Personal Care,Pune,Mall,871.0,5,12234.61,No,630,Festival,745
2024-08-01,ELEC102,Electronics,Kolkata,Neighbourhood,22928.34,10,28178.47,Yes,153,Monsoon,283
2025-09-01,FASH101,Fashion,Hyderabad,Mall,1592.55,15,16209.21,No,397,Festival,594
2025-09-01,ELEC104,Electronics,Hyderabad,Mall,3736.16,20,27158.57,No,175,Festival,344
2024-07-01,CARE104,Personal Care,Mumbai,High Street,1958.2849999999999,25,21036.53,No,686,Monsoon,1034
2024-06-01,CARE101,Personal Care,Pune,Neighbourhood,389.99,15,24755.17,No,519,Monsoon,542
2025-01-01,FASH104,Fashion,Delhi,Mall,3434.64,5,29222.94,Yes,560,Winter,647
2025-11-01,ELEC101,Electronics,Hyderabad,High Street,16086.06,5,13964.97,Yes,206,Festival,388
2024-05-01,GROC102,Groceries,Mumbai,Mall,215.79,15,11818.79,No,1318,Summer,1410
2025-10-01,CARE101,Personal Care,Hyderabad,Neighbourhood,310.09,15,16055.1,No,622,Festival,993
2024-10-01,FASH101,Fashion,Kolkata,Supermarket,1360.43,15,5974.65,No,347,Festival,534
2023-05-01,CARE101,Personal Care,Hyderabad,Mall,300.8,15,22615.41,No,916,Summer,1041
2024-03-01,CARE101,Personal Care,Kolkata,Mall,399.8,5,29630.86,No,752,Summer,642
2023-05-01,CARE101,Personal Care,Pune,Neighbourhood,353.14,25,19602.38,No,489,Summer,719
2025-05-01,GROC103,Groceries,Mumbai,Mall,85.26,10,18377.07,No,1390,Summer,1325
2025-02-01,HOME101,Home Appliances,Delhi,Mall,12902.84,25,20407.44,No,163,Winter,270
2023-04-01,HOME103,Home Appliances,Pune,High Street,18201.85,15,25701.2,No,99,Summer,154
2023-10-01,CARE103,Personal Care,Mumbai,High Street,176.0,20,29609.15,Yes,995,Festival,1640
2025-08-01,CARE102,Personal Care,Kolkata,High Street,635.29,0,28209.33,Yes,691,Monsoon,698
2024-07-01,HOME104,Home Appliances,Hyderabad,Neighbourhood,4495.9,10,22870.75,No,98,Monsoon,173
2025-08-01,GROC101,Groceries,Bengaluru,Mall,102.49,0,27878.32,Yes,1157,Monsoon,1410
2024-10-01,ELEC101,Electronics,Bengaluru,High Street,15378.48,10,5185.64,Yes,264,Festival,476
2023-07-01,ELEC102,Electronics,Kolkata,High Street,22022.1,5,22413.62,No,189,Monsoon,211
2023-05-01,GROC103,Groceries,Pune,High Street,87.28,5,27227.06,No,905,Summer,826
2023-02-01,HOME101,Home Appliances,Delhi,Neighbourhood,11257.08,5,13789.16,No,144,Winter,223
2024-07-01,CARE104,Personal Care,Kochi,Neighbourhood,1017.17,10,8492.15,No,363,Monsoon,320
2023-06-01,ELEC104,Electronics,Pune,High Street,3815.7,5,15254.45,No,194,Monsoon,158
2025-07-01,HOME104,Home Appliances,Hyderabad,High Street,4281.36,5,9023.43,No,111,Monsoon,125
2024-06-01,ELEC101,Electronics,Kolkata,Supermarket,16668.87,10,28394.51,No,259,Monsoon,256
2024-05-01,GROC103,Groceries,Pune,High Street,88.51,10,28098.74,No,756,Summer,799
2023-04-01,ELEC104,Electronics,Kolkata,Neighbourhood,3191.51,10,26667.13,No,119,Summer,247
2024-05-01,ELEC102,Electronics,Mumbai,High Street,22238.08,15,21366.42,No,265,Summer,348
2024-04-01,GROC103,Groceries,Chennai,Neighbourhood,83.5,0,9752.23,No,841,Summer,620
2024-01-01,ELEC103,Electronics,Mumbai,Supermarket,7275.51,0,3248.42,Yes,235,Winter,324
2025-08-01,HOME102,Home Appliances,Bengaluru,High Street,7044.95,25,19192.02,No,176,Monsoon,264
2024-03-01,CARE102,Personal Care,Kolkata,Neighbourhood,628.28,5,14231.72,No,584,Summer,513
2025-02-01,ELEC104,Electronics,Delhi,Supermarket,3838.78,0,8671.28,No,241,Winter,228
2025-03-01,FASH104,Fashion,Chennai,High Street,3580.64,10,29532.36,No,348,Summer,329
2024-09-01,HOME103,Home Appliances,Bengaluru,Mall,16753.25,5,24684.59,No,132,Festival,270
2024-04-01,FASH104,Fashion,Hyderabad,Supermarket,2767.33,10,3063.38,No,384,Summer,459
2025-05-01,GROC103,Groceries,Chennai,Supermarket,70.59,15,14778.6,No,1334,Summer,1308
2024-05-01,HOME103,Home Appliances,Kochi,High Street,19471.62,20,7558.51,No,134,Summer,130
2023-05-01,CARE104,Personal Care,Kolkata,Supermarket,797.91,5,16763.44,No,813,Summer,758
2024-11-01,GROC102,Groceries,Kochi,Mall,241.11,0,6803.45,Yes,980,Festival,833
2024-07-01,CARE102,Personal Care,Delhi,Supermarket,670.09,0,4542.58,No,1101,Monsoon,999
2025-04-01,FASH102,Fashion,Hyderabad,Supermarket,2042.42,10,29511.44,No,528,Summer,570
2023-05-01,CARE102,Personal Care,Hyderabad,Mall,727.04,10,29531.62,No,838,Summer,727
2023-09-01,CARE101,Personal Care,Bengaluru,Mall,318.54,15,8697.18,No,940,Festival,1363
2023-08-01,HOME104,Home Appliances,Bengaluru,Mall,4929.89,15,24389.13,No,185,Monsoon,239
2023-02-01,GROC101,Groceries,Bengaluru,High Street,111.34,10,10894.56,No,1198,Winter,1286
2025-01-01,GROC102,Groceries,Mumbai,Mall,220.15,25,13925.42,Yes,1441,Winter,1966
2023-02-01,ELEC102,Electronics,Delhi,Mall,22909.28,15,21280.99,No,277,Winter,369
2023-02-01,GROC104,Groceries,Chennai,High Street,496.14,10,24636.51,No,902,Winter,872
2024-08-01,CARE101,Personal Care,Kolkata,Supermarket,334.62,15,20339.66,Yes,627,Monsoon,677
2024-09-01,FASH102,Fashion,Kolkata,Supermarket,2222.1,20,4424.43,No,410,Festival,577
2025-07-01,FASH101,Fashion,Kolkata,Neighbourhood,1332.29,0,7743.15,No,344,Monsoon,307
2023-12-01,CARE104,Personal Care,Kochi,Supermarket,828.31,5,15977.5,Yes,706,Winter,677
2024-04-01,ELEC104,Electronics,Bengaluru,Supermarket,3410.59,10,22783.53,No,271,Summer,323
2024-11-01,ELEC102,Electronics,Bengaluru,High Street,25246.57,15,28137.7,No,202,Festival,413
2023-09-01,HOME104,Home Appliances,Mumbai,Mall,5525.57,10,9201.96,No,156,Festival,255
2024-01-01,HOME102,Home Appliances,Chennai,High Street,7095.42,0,27663.01,Yes,153,Winter,259
2025-02-01,GROC104,Groceries,Hyderabad,Mall,490.66,0,19318.28,No,922,Winter,788
2025-12-01,GROC102,Groceries,Chennai,High Street,235.39,10,29291.05,No,901,Winter,1104
2024-07-01,ELEC104,Electronics,Bengaluru,Supermarket,3098.84,10,20683.41,No,221,Monsoon,273
2025-08-01,CARE103,Personal Care,Bengaluru,Mall,165.61,20,24016.04,Yes,1062,Monsoon,1294
2023-05-01,FASH104,Fashion,Chennai,Mall,3107.98,15,26635.02,No,385,Summer,427
2023-10-01,ELEC101,Electronics,Bengaluru,High Street,20273.78,5,11665.26,Yes,221,Festival,399
2025-12-01,FASH102,Fashion,Kolkata,Supermarket,1953.59,25,14357.02,Yes,394,Winter,566
2025-07-01,FASH102,Fashion,Mumbai,Mall,2408.58,5,24669.14,No,479,Monsoon,510
2023-06-01,ELEC104,Electronics,Kochi,Supermarket,3034.22,0,26444.02,No,164,Monsoon,162
2024-07-01,CARE101,Personal Care,Bengaluru,Neighbourhood,352.47,25,8527.28,No,548,Monsoon,812
2024-06-01,GROC101,Groceries,Hyderabad,Neighbourhood,122.97,15,21603.0,No,781,Monsoon,840
2025-08-01,FASH103,Fashion,Kochi,High Street,874.69,0,23818.04,Yes,382,Monsoon,377
2024-08-01,CARE101,Personal Care,Delhi,Neighbourhood,350.69,5,18196.42,Yes,550,Monsoon,693
2025-10-01,CARE103,Personal Care,Pune,Mall,184.41,0,29337.16,No,682,Festival,665
2025-08-01,CARE103,Personal Care,Hyderabad,Mall,155.65,0,3143.48,Yes,847,Monsoon,800
2023-02-01,CARE102,Personal Care,Hyderabad,Supermarket,594.65,15,18953.54,No,988,Winter,995
2025-02-01,ELEC104,Electronics,Pune,Mall,3195.68,5,16437.57,No,194,Winter,247
2023-12-01,HOME103,Home Appliances,Pune,High Street,17271.51,15,19510.36,No,119,Winter,185
2023-10-01,FASH104,Fashion,Pune,Mall,2745.39,10,12060.04,No,453,Festival,646
2023-06-01,GROC103,Groceries,Mumbai,Mall,68.43,10,37651.00339,No,1248,Monsoon,1384
2025-11-01,CARE104,Personal Care,Hyderabad,High Street,770.48,5,15944.23,Yes,623,Festival,1014
2023-05-01,HOME101,Home Appliances,Delhi,High Street,11415.89,0,14298.14,No,161,Summer,175
2024-01-01,GROC102,Groceries,Mumbai,High Street,241.11,20,5123.88,Yes,884,Winter,1352
2025-01-01,ELEC102,Electronics,Chennai,High Street,26293.92,5,22015.0,Yes,227,Winter,292
2023-04-01,FASH101,Fashion,Bengaluru,Mall,1644.71,15,17971.21,No,388,Summer,461
2025-02-01,CARE101,Personal Care,Pune,Neighbourhood,300.95,20,15632.21,No,530,Winter,770
2023-12-01,FASH103,Fashion,Kochi,Mall,907.51,10,29992.11,No,318,Winter,380
2024-04-01,CARE101,Personal Care,Delhi,High Street,399.13,15,26300.22,No,784,Summer,890
2025-07-01,ELEC103,Electronics,Bengaluru,Supermarket,7505.03,10,10488.36,No,248,Monsoon,259
2023-08-01,FASH102,Fashion,Chennai,Mall,1914.01,10,25401.05,Yes,436,Monsoon,487
2023-07-01,CARE102,Personal Care,Kolkata,Supermarket,586.74,15,4742.47,No,810,Monsoon,845
2025-05-01,CARE101,Personal Care,Hyderabad,High Street,386.36,20,12621.9,No,835,Summer,838
2024-06-01,HOME102,Home Appliances,Mumbai,Mall,8618.55,5,23855.1,No,202,Monsoon,241
2025-02-01,HOME103,Home Appliances,Delhi,Neighbourhood,19407.81,10,7046.3,No,127,Winter,158
2023-06-01,FASH102,Fashion,Delhi,Neighbourhood,2520.67,0,11333.08,No,269,Monsoon,238
2023-11-01,CARE104,Personal Care,Kochi,Neighbourhood,878.38,10,8179.58,Yes,492,Festival,671
2025-03-01,CARE101,Personal Care,Kochi,Neighbourhood,316.36,10,21605.95,No,456,Summer,543
2023-08-01,ELEC104,Electronics,Bengaluru,Supermarket,3643.03,20,22728.47,No,299,Monsoon,336
2024-12-01,ELEC104,Electronics,Kolkata,Mall,3921.56,25,10300.35,No,258,Winter,290
2025-06-01,CARE103,Personal Care,Pune,Supermarket,205.06,10,5580.51,No,564,Monsoon,474
2025-06-01,GROC102,Groceries,Kochi,High Street,284.22,15,3081.56,No,702,Monsoon,602
2023-09-01,HOME101,Home Appliances,Mumbai,Neighbourhood,12950.53,0,3487.02,No,151,Festival,190
2025-10-01,HOME104,Home Appliances,Chennai,Mall,4724.16,0,14461.31,Yes,133,Festival,277
2023-10-01,CARE103,Personal Care,Mumbai,High Street,185.19,0,27730.46,Yes,690,Festival,1133
2023-05-01,HOME104,Home Appliances,Chennai,Mall,4645.26,10,12624.87,No,124,Summer,170
2023-12-01,CARE101,Personal Care,Hyderabad,Supermarket,299.86,10,14991.05,No,892,Winter,1006
2025-11-01,ELEC103,Electronics,Kochi,Mall,7577.35,10,6678.77,No,173,Festival,219
2023-12-01,ELEC104,Electronics,Delhi,Mall,3877.3,0,19060.48,Yes,282,Winter,377
2025-05-01,HOME104,Home Appliances,Pune,Mall,5222.31,0,14156.25,No,135,Summer,136
2024-04-01,GROC103,Groceries,Delhi,Supermarket,83.94,5,14323.47,No,1570,Summer,1498
2023-07-01,CARE102,Personal Care,Delhi,Mall,591.91,5,28721.34,No,857,Monsoon,945
2025-06-01,HOME103,Home Appliances,Bengaluru,High Street,15677.25,20,21295.5,No,131,Monsoon,221
2025-02-01,GROC103,Groceries,Mumbai,Mall,68.45,0,24725.33,No,1017,Winter,1192
2025-10-01,ELEC101,Electronics,Chennai,Supermarket,19875.72,15,3257.55,Yes,259,Festival,382
2023-01-01,ELEC101,Electronics,Hyderabad,Mall,17559.16,15,22282.13,No,179,Winter,292
2025-01-01,FASH101,Fashion,Kolkata,Mall,1441.34,0,11891.24,Yes,416,Winter,440
2023-12-01,GROC103,Groceries,Chennai,Supermarket,70.45,15,25802.08,Yes,1342,Winter,1530
2024-06-01,HOME104,Home Appliances,Bengaluru,Neighbourhood,5543.5,5,10653.45,No,130,Monsoon,132
2025-09-01,CARE102,Personal Care,Mumbai,Supermarket,737.17,10,16631.62,No,1117,Festival,1457
2025-02-01,FASH104,Fashion,Chennai,Neighbourhood,2974.43,5,17477.19,No,272,Winter,322
2023-12-01,CARE103,Personal Care,Delhi,Supermarket,179.98,25,6026.66,Yes,910,Winter,1227
2025-02-01,GROC101,Groceries,Bengaluru,Supermarket,102.3,25,27268.02,No,1509,Winter,1942
2024-06-01,FASH104,Fashion,Bengaluru,High Street,3244.07,10,3925.05,No,352,Monsoon,348
2025-07-01,GROC103,Groceries,Delhi,Mall,71.45,10,3249.52,No,1409,Monsoon,1423
2025-04-01,FASH104,Fashion,Hyderabad,High Street,3301.95,5,17141.48,No,294,Summer,296
2025-09-01,HOME102,Home Appliances,Mumbai,Neighbourhood,7737.96,10,28997.5,No,130,Festival,331
2025-04-01,ELEC102,Electronics,Hyderabad,Neighbourhood,26111.1,15,23201.59,No,181,Summer,234
2024-03-01,FASH104,Fashion,Chennai,High Street,3408.53,10,25489.15,No,412,Summer,450
2025-09-01,HOME104,Home Appliances,Delhi,Supermarket,4572.12,10,12611.15,No,164,Festival,293
2024-01-01,FASH104,Fashion,Bengaluru,Neighbourhood,3658.33,10,10605.34,Yes,313,Winter,438
2025-04-01,FASH103,Fashion,Hyderabad,High Street,963.2,5,3830.93,No,408,Summer,328
2025-12-01,FASH101,Fashion,Mumbai,Mall,1549.37,0,8305.03,Yes,404,Winter,473
2025-01-01,CARE102,Personal Care,Delhi,Supermarket,584.56,20,24710.95,No,748,Winter,1036
2023-09-01,ELEC103,Electronics,Chennai,Supermarket,8134.97,5,14108.1,No,264,Festival,330
2025-06-01,HOME104,Home Appliances,Bengaluru,Mall,5099.67,15,15737.42,No,171,Monsoon,205
2025-11-01,CARE103,Personal Care,Kolkata,High Street,156.12,20,6797.64,No,661,Festival,996
2024-06-01,ELEC102,Electronics,Chennai,Mall,23186.98,15,15981.23,No,257,Monsoon,263
2023-08-01,HOME102,Home Appliances,Hyderabad,Mall,6724.52,10,20998.56,Yes,124,Monsoon,240
2025-09-01,HOME104,Home Appliances,Chennai,Supermarket,5115.58,5,12241.17,No,123,Festival,180
2024-10-01,GROC104,Groceries,Mumbai,Neighbourhood,435.35,5,10077.05,Yes,825,Festival,1364
2024-01-01,CARE104,Personal Care,Hyderabad,Mall,919.84,0,26048.01,Yes,932,Winter,991
2025-12-01,GROC101,Groceries,Mumbai,High Street,117.81,15,4211.79,No,1117,Winter,1293
2024-07-01,HOME102,Home Appliances,Kochi,High Street,8213.48,10,26247.24,No,122,Monsoon,137
2023-11-01,CARE103,Personal Care,Kolkata,Supermarket,190.36,10,20209.6,No,672,Festival,818
2025-07-01,CARE102,Personal Care,Kochi,Mall,559.16,10,11630.61,No,733,Monsoon,652
2023-06-01,HOME101,Home Appliances,Pune,Neighbourhood,11180.88,0,25458.2,No,122,Monsoon,151
2023-09-01,ELEC104,Electronics,Hyderabad,Mall,3965.53,0,12857.26,No,262,Festival,295
2023-04-01,HOME102,Home Appliances,Mumbai,Neighbourhood,7810.51,10,19975.48,No,128,Summer,207
2025-07-01,ELEC101,Electronics,Chennai,Neighbourhood,19268.91,10,5983.06,No,170,Monsoon,168
2025-01-01,ELEC102,Electronics,Mumbai,Mall,25693.31,0,25879.97,Yes,199,Winter,371
2023-06-01,GROC102,Groceries,Delhi,Neighbourhood,263.99,0,12894.34,No,958,Monsoon,823
2025-12-01,HOME101,Home Appliances,Mumbai,High Street,11292.43,20,26326.27,No,199,Winter,324
2024-04-01,CARE103,Personal Care,Kolkata,High Street,171.32,10,11712.46,No,731,Summer,651
2023-05-01,GROC102,Groceries,Pune,High Street,251.46,5,15164.49,No,678,Summer,814
2024-09-01,ELEC103,Electronics,Kolkata,High Street,8118.77,10,21317.32,No,199,Festival,319
2025-06-01,CARE104,Personal Care,Kochi,Mall,939.26,15,21559.06,No,594,Monsoon,582
2024-04-01,GROC103,Groceries,Pune,Neighbourhood,84.85,5,25564.48,No,748,Summer,639
2024-05-01,FASH101,Fashion,Chennai,Supermarket,1526.43,15,19873.44,No,335,Summer,426
2025-08-01,CARE102,Personal Care,Pune,Neighbourhood,637.53,15,20010.93,Yes,444,Monsoon,499
2024-08-01,ELEC103,Electronics,Chennai,Supermarket,9026.01,15,15373.65,No,260,Monsoon,240
2023-06-01,ELEC102,Electronics,Hyderabad,Supermarket,23294.18,15,26531.73,No,225,Monsoon,282
2024-08-01,FASH102,Fashion,Mumbai,Mall,2403.26,10,12938.31,Yes,372,Monsoon,447
2024-07-01,ELEC101,Electronics,Delhi,High Street,15880.25,15,25845.22,No,249,Monsoon,329
2023-10-01,ELEC104,Electronics,Hyderabad,Neighbourhood,3421.07,10,14260.44,No,150,Festival,227
2025-02-01,GROC104,Groceries,Bengaluru,Neighbourhood,388.01,10,11505.22,No,859,Winter,1209
2024-05-01,CARE102,Personal Care,Kolkata,High Street,610.15,15,18688.26,No,834,Summer,892
2024-04-01,GROC102,Groceries,Chennai,Neighbourhood,222.39,0,26937.92,No,810,Summer,890
2024-10-01,FASH104,Fashion,Kolkata,Supermarket,3222.33,15,4218.13,No,463,Festival,600
2025-11-01,ELEC103,Electronics,Bengaluru,Mall,7757.7,0,29457.69,Yes,251,Festival,494
2024-06-01,CARE102,Personal Care,Bengaluru,Neighbourhood,575.87,20,15179.41,No,720,Monsoon,935
2025-10-01,HOME103,Home Appliances,Mumbai,Supermarket,16031.26,15,10864.93,Yes,216,Festival,450
2023-05-01,ELEC101,Electronics,Delhi,Supermarket,19634.93,15,9450.43,No,196,Summer,260
2024-07-01,FASH104,Fashion,Pune,Neighbourhood,3101.82,5,14559.07,No,316,Monsoon,361
2025-08-01,ELEC102,Electronics,Chennai,Supermarket,25758.12,10,22164.73,No,188,Monsoon,217
2023-10-01,HOME101,Home Appliances,Mumbai,High Street,13055.87,10,12716.83,No,166,Festival,288
2023-05-01,GROC102,Groceries,Chennai,Neighbourhood,243.99,15,16720.42,No,562,Summer,828
2025-10-01,GROC104,Groceries,Kochi,Neighbourhood,399.53,0,28181.43,Yes,660,Festival,933
2025-10-01,ELEC102,Electronics,Bengaluru,High Street,24014.22,15,28920.32,No,255,Festival,452
2025-12-01,CARE104,Personal Care,Delhi,High Street,838.96,0,8396.57,Yes,925,Winter,959
2023-08-01,CARE104,Personal Care,Mumbai,Mall,810.17,5,7892.25,No,878,Monsoon,883
2023-10-01,HOME101,Home Appliances,Hyderabad,High Street,12859.6,0,1958.2849999999999,No,148,Festival,264
2025-07-01,HOME102,Home Appliances,Kolkata,Neighbourhood,7284.82,10,7373.11,No,114,Monsoon,128
2023-05-01,GROC101,Groceries,Kochi,Mall,124.73,0,19105.93,No,799,Summer,639
2025-11-01,FASH102,Fashion,Kolkata,High Street,1931.4,0,18910.22,Yes,324,Festival,554
2023-12-01,FASH101,Fashion,Kochi,High Street,1615.86,0,9035.25,Yes,358,Winter,305
2023-06-01,HOME103,Home Appliances,Kolkata,Neighbourhood,17538.2,0,3399.84,No,121,Monsoon,95
2024-06-01,HOME101,Home Appliances,Hyderabad,Mall,11307.56,5,4143.03,No,167,Monsoon,154
2025-07-01,HOME101,Home Appliances,Pune,High Street,11071.91,5,7564.56,No,147,Monsoon,137
2024-03-01,FASH103,Fashion,Bengaluru,Supermarket,971.64,0,24230.69,No,499,Summer,447
2023-05-01,GROC102,Groceries,Bengaluru,High Street,269.38,15,9072.46,No,856,Summer,920
2025-12-01,CARE104,Personal Care,Hyderabad,Mall,788.79,15,25850.59,No,828,Winter,1041
2025-12-01,GROC101,Groceries,Chennai,High Street,122.65,10,15009.75,No,1006,Winter,1008
2023-12-01,HOME101,Home Appliances,Delhi,Mall,13247.52,10,16639.47,No,144,Winter,201
2025-02-01,GROC104,Groceries,Hyderabad,Mall,418.77,10,12385.19,No,1202,Winter,1307
2024-12-01,CARE103,Personal Care,Kolkata,Supermarket,188.02,5,22585.52,Yes,930,Winter,887
2023-02-01,CARE102,Personal Care,Mumbai,Supermarket,743.09,0,25776.85,No,785,Winter,768
2025-09-01,FASH103,Fashion,Chennai,Neighbourhood,822.04,10,20082.28,No,346,Festival,550
2023-02-01,FASH104,Fashion,Kolkata,Mall,3173.23,20,13338.55,No,352,Winter,473
2024-04-01,FASH104,Fashion,Mumbai,High Street,3509.32,5,10981.26,No,486,Summer,485
2023-09-01,HOME103,Home Appliances,Delhi,High Street,19008.55,20,17042.23,No,187,Festival,320
2024-07-01,GROC103,Groceries,Bengaluru,High Street,82.77,5,14965.86,No,1158,Monsoon,1035
2024-01-01,HOME104,Home Appliances,Pune,High Street,5230.9,10,27910.83,Yes,99,Winter,234
2023-07-01,HOME103,Home Appliances,Kolkata,Neighbourhood,17795.56,5,17826.89,No,127,Monsoon,166
2025-07-01,ELEC103,Electronics,Kolkata,High Street,8634.19,5,17569.63,No,153,Monsoon,132
2023-03-01,FASH103,Fashion,Delhi,Supermarket,810.13,5,13993.69,No,429,Summer,510
2024-09-01,HOME101,Home Appliances,Pune,High Street,12726.17,0,4421.34,No,101,Festival,126
2024-01-01,FASH102,Fashion,Kolkata,High Street,2211.52,10,27957.57,Yes,382,Winter,497
2024-01-01,ELEC101,Electronics,Delhi,Supermarket,18317.02,10,4606.84,Yes,308,Winter,412
2024-05-01,CARE102,Personal Care,Chennai,Neighbourhood,552.68,5,22311.4,No,434,Summer,524
2025-10-01,HOME101,Home Appliances,Pune,Neighbourhood,12777.83,25,11726.24,Yes,96,Festival,256
2025-03-01,HOME101,Home Appliances,Delhi,High Street,13336.58,10,20904.99,No,148,Summer,212
2025-02-01,CARE104,Personal Care,Kochi,Neighbourhood,984.56,10,28775.22,No,536,Winter,517
2024-11-01,CARE104,Personal Care,Kolkata,High Street,850.26,0,19034.59,Yes,647,Festival,914
2023-01-01,ELEC102,Electronics,Chennai,High Street,23434.17,0,19582.96,No,226,Winter,243
2024-12-01,CARE101,Personal Care,Hyderabad,Neighbourhood,346.25,15,16373.58,Yes,670,Winter,753
2024-09-01,CARE103,Personal Care,Bengaluru,High Street,203.17,10,13205.15,No,770,Festival,1051
2023-03-01,CARE104,Personal Care,Pune,Supermarket,785.49,10,21851.82,No,786,Summer,750
2023-11-01,HOME102,Home Appliances,Chennai,Neighbourhood,6864.26,5,9862.8,Yes,128,Festival,261
2025-02-01,HOME101,Home Appliances,Delhi,Neighbourhood,13759.95,0,28624.87,No,96,Winter,186
2025-05-01,FASH103,Fashion,Kolkata,Mall,936.25,10,23910.89,No,308,Summer,325
2025-08-01,HOME104,Home Appliances,Hyderabad,High Street,4840.98,0,14242.59,Yes,166,Monsoon,225
2024-07-01,ELEC103,Electronics,Mumbai,High Street,9038.1,5,9708.65,No,242,Monsoon,234
2024-09-01,GROC103,Groceries,Delhi,Neighbourhood,73.97,10,20853.3,No,938,Festival,1391
2025-02-01,ELEC102,Electronics,Bengaluru,Neighbourhood,27435.42,10,13858.22,No,132,Winter,181
2024-06-01,ELEC102,Electronics,Bengaluru,Supermarket,23306.96,5,17785.52,No,204,Monsoon,231
2024-09-01,CARE102,Personal Care,Bengaluru,High Street,652.09,0,15285.42,No,889,Festival,1044
2023-06-01,GROC101,Groceries,Hyderabad,Mall,134.93,0,4738.94,No,844,Monsoon,771
2024-01-01,HOME101,Home Appliances,Delhi,Supermarket,11020.24,15,16235.99,Yes,214,Winter,357
2024-12-01,CARE104,Personal Care,Pune,Supermarket,994.57,25,22071.96,Yes,616,Winter,802
2024-12-01,HOME101,Home Appliances,Hyderabad,Supermarket,13504.25,10,13450.82,Yes,188,Winter,247
2023-04-01,CARE104,Personal Care,Mumbai,Neighbourhood,793.55,15,20949.81,No,557,Summer,846
2023-03-01,CARE103,Personal Care,Hyderabad,Mall,196.37,10,24375.77,No,664,Summer,649
2024-11-01,GROC101,Groceries,Pune,Neighbourhood,137.54,20,11584.92,Yes,687,Festival,1114
2023-12-01,GROC103,Groceries,Chennai,Neighbourhood,90.68,10,8280.41,Yes,834,Winter,746
2023-03-01,ELEC104,Electronics,Hyderabad,Mall,3024.89,15,8920.97,No,239,Summer,281
2025-05-01,FASH103,Fashion,Hyderabad,Mall,940.37,15,14454.63,No,406,Summer,442
2025-03-01,HOME102,Home Appliances,Pune,Supermarket,6542.99,15,27689.89,No,112,Summer,182
2023-03-01,GROC102,Groceries,Bengaluru,Neighbourhood,241.23,5,25560.41,No,1021,Summer,958
2024-02-01,CARE102,Personal Care,Mumbai,Supermarket,697.48,5,17363.68,No,1080,Winter,1010
2025-09-01,CARE104,Personal Care,Delhi,Neighbourhood,858.45,15,7660.45,No,461,Festival,823
2024-06-01,ELEC101,Electronics,Hyderabad,Neighbourhood,17895.86,5,16468.98,No,129,Monsoon,161
2025-12-01,HOME101,Home Appliances,Mumbai,Neighbourhood,11864.38,15,22280.35,No,102,Winter,212
2025-12-01,HOME103,Home Appliances,Mumbai,Supermarket,19527.84,10,23148.88,Yes,204,Winter,341
2023-09-01,FASH102,Fashion,Pune,Neighbourhood,2171.92,10,16977.32,No,310,Festival,414
2024-02-01,CARE101,Personal Care,Pune,Neighbourhood,308.68,5,16280.14,No,560,Winter,699
2023-04-01,HOME103,Home Appliances,Bengaluru,High Street,16365.98,25,18539.05,No,190,Summer,284
2023-06-01,CARE104,Personal Care,Pune,Supermarket,987.11,10,10326.69,No,624,Monsoon,461
2024-07-01,GROC104,Groceries,Hyderabad,Supermarket,437.89,0,5877.11,No,1364,Monsoon,1039
2025-04-01,GROC104,Groceries,Kochi,Neighbourhood,386.96,15,3030.55,No,483,Summer,655
2024-08-01,CARE104,Personal Care,Bengaluru,Neighbourhood,903.79,5,18475.03,No,641,Monsoon,712
2024-02-01,ELEC102,Electronics,Kolkata,Neighbourhood,23540.15,10,83725.3992,No,129,Winter,195
2023-07-01,GROC101,Groceries,Delhi,High Street,106.07,10,25363.39,No,976,Monsoon,1233
2023-03-01,GROC104,Groceries,Bengaluru,Neighbourhood,479.91,15,26297.29,No,817,Summer,1162
2024-07-01,CARE104,Personal Care,Mumbai,High Street,872.46,10,12838.43,No,619,Monsoon,789
2023-05-01,GROC102,Groceries,Chennai,Neighbourhood,279.25,0,9613.74,No,802,Summer,556
2025-08-01,FASH103,Fashion,Bengaluru,High Street,956.77,5,6115.8,Yes,496,Monsoon,530
2025-04-01,ELEC102,Electronics,Bengaluru,Mall,27538.76,15,28638.84,No,282,Summer,323
2023-02-01,CARE103,Personal Care,Hyderabad,Mall,181.17,20,28198.46,No,904,Winter,965
2024-01-01,CARE104,Personal Care,Mumbai,Neighbourhood,957.29,5,18654.06,Yes,549,Winter,740
2024-11-01,ELEC104,Electronics,Bengaluru,Supermarket,3557.55,15,14417.66,Yes,231,Festival,475
2024-11-01,CARE104,Personal Care,Hyderabad,Neighbourhood,959.1,20,1958.2849999999999,Yes,605,Festival,1097
2023-09-01,GROC104,Groceries,Kochi,Mall,438.43,15,15786.38,No,840,Festival,1053
2023-03-01,GROC101,Groceries,Hyderabad,Neighbourhood,103.1,0,11859.97,No,910,Summer,959
2023-08-01,FASH102,Fashion,Kochi,High Street,1950.86,25,8724.75,Yes,302,Monsoon,423
2025-09-01,CARE101,Personal Care,Bengaluru,Supermarket,344.23,0,29986.64,No,1047,Festival,1263
2025-07-01,HOME104,Home Appliances,Kochi,Mall,5597.22,25,28721.97,No,119,Monsoon,167
2024-04-01,CARE102,Personal Care,Kochi,Neighbourhood,554.88,0,20856.13,No,395,Summer,513
2024-03-01,CARE104,Personal Care,Hyderabad,High Street,883.84,10,16835.57,No,778,Summer,718
2025-04-01,HOME103,Home Appliances,Bengaluru,High Street,18901.29,15,9318.76,No,163,Summer,191
2025-03-01,GROC102,Groceries,Kolkata,High Street,267.82,5,19192.41,No,792,Summer,663
2023-10-01,FASH103,Fashion,Bengaluru,Supermarket,884.68,0,8028.61,Yes,562,Festival,711
2025-07-01,FASH104,Fashion,Kolkata,Neighbourhood,3141.35,15,28735.51,No,295,Monsoon,381
2025-11-01,ELEC102,Electronics,Pune,Mall,27512.68,20,6980.15,No,190,Festival,242
2025-08-01,HOME102,Home Appliances,Chennai,Neighbourhood,7447.4,10,26373.93,Yes,111,Monsoon,231
2023-11-01,HOME101,Home Appliances,Kolkata,High Street,12011.55,5,3380.15,Yes,118,Festival,238
2024-09-01,GROC102,Groceries,Mumbai,Neighbourhood,256.87,25,3325.69,No,662,Festival,1376
2023-12-01,FASH103,Fashion,Hyderabad,Neighbourhood,1030.92,0,26701.48,No,317,Winter,355
2025-04-01,FASH103,Fashion,Chennai,Mall,999.03,15,17019.12,No,501,Summer,447
2023-08-01,CARE103,Personal Care,Pune,Neighbourhood,201.21,15,26891.6,No,485,Monsoon,635
2024-08-01,HOME102,Home Appliances,Bengaluru,Mall,8222.7,5,27698.36,Yes,191,Monsoon,293
2025-03-01,CARE101,Personal Care,Kolkata,High Street,375.51,20,27296.15,No,791,Summer,784
2023-06-01,HOME102,Home Appliances,Mumbai,Supermarket,7799.32,10,18613.79,No,164,Monsoon,226
2025-07-01,ELEC102,Electronics,Delhi,Supermarket,26126.88,0,11437.18,No,235,Monsoon,213
2023-09-01,FASH102,Fashion,Delhi,Mall,2045.23,10,11169.99,No,420,Festival,717
2023-08-01,CARE103,Personal Care,Kochi,High Street,165.02,15,10052.4,Yes,527,Monsoon,631
2025-09-01,ELEC101,Electronics,Mumbai,High Street,17957.43,15,5544.56,No,189,Festival,329
2025-08-01,CARE104,Personal Care,Delhi,Supermarket,949.41,25,20375.15,Yes,1086,Monsoon,1192
2023-02-01,ELEC104,Electronics,Kolkata,Supermarket,3087.94,5,14883.45,No,175,Winter,255
2024-12-01,HOME102,Home Appliances,Kolkata,Supermarket,6446.68,10,15671.18,No,148,Winter,195
2025-05-01,HOME102,Home Appliances,Kolkata,Neighbourhood,8298.18,20,25817.2,No,102,Summer,177
2024-12-01,HOME101,Home Appliances,Kolkata,Neighbourhood,11763.07,5,6540.27,Yes,120,Winter,181
2024-06-01,HOME103,Home Appliances,Kolkata,High Street,15978.31,20,14298.06,No,125,Monsoon,145
2023-02-01,FASH101,Fashion,Kochi,Mall,1357.95,5,4750.52,No,387,Winter,333
2023-11-01,GROC103,Groceries,Kolkata,Supermarket,74.01,10,27058.49,Yes,889,Festival,1260
2024-09-01,ELEC104,Electronics,Bengaluru,Neighbourhood,3458.97,0,23077.97,No,205,Festival,327
2025-03-01,FASH103,Fashion,Mumbai,High Street,811.47,10,11246.66,No,401,Summer,491
2023-11-01,CARE101,Personal Care,Delhi,Supermarket,369.0,20,27225.57,No,1139,Festival,1616
2025-05-01,CARE101,Personal Care,Delhi,Mall,328.12,15,10639.58,No,766,Summer,917
2023-01-01,HOME104,Home Appliances,Delhi,Mall,5540.77,5,15791.52,No,183,Winter,242
2024-07-01,CARE102,Personal Care,Kolkata,Mall,623.67,0,10390.17,No,749,Monsoon,673
2025-01-01,ELEC104,Electronics,Bengaluru,Mall,3856.0,0,28148.4,Yes,288,Winter,379
2025-10-01,HOME101,Home Appliances,Bengaluru,Supermarket,12005.03,10,26581.37,Yes,195,Festival,442
2023-01-01,FASH102,Fashion,Delhi,Supermarket,2478.07,25,4457.98,Yes,573,Winter,760
2025-03-01,GROC103,Groceries,Chennai,High Street,90.13,0,15966.39,No,1003,Summer,719
2025-04-01,GROC102,Groceries,Pune,Supermarket,274.67,20,5943.0,No,824,Summer,927
2023-05-01,HOME102,Home Appliances,Hyderabad,High Street,7854.53,0,1958.2849999999999,No,148,Summer,197
2025-12-01,ELEC104,Electronics,Delhi,High Street,3750.41,5,24764.22,Yes,208,Winter,348
2023-02-01,CARE102,Personal Care,Kochi,High Street,553.35,0,20423.63,No,556,Winter,579
2024-12-01,GROC104,Groceries,Delhi,Mall,408.26,15,17926.73,Yes,1499,Winter,1773
2025-02-01,GROC101,Groceries,Kolkata,Mall,133.41,10,22225.71,No,1076,Winter,1021
2025-01-01,GROC102,Groceries,Hyderabad,Neighbourhood,276.91,5,6416.7,Yes,620,Winter,673
2025-12-01,ELEC102,Electronics,Kolkata,Neighbourhood,21310.24,5,16286.21,Yes,122,Winter,270
2025-01-01,HOME101,Home Appliances,Mumbai,Mall,11557.02,15,5709.92,Yes,213,Winter,317
2024-07-01,FASH104,Fashion,Kochi,Mall,3150.15,5,12346.73,No,314,Monsoon,257
2025-09-01,ELEC103,Electronics,Pune,Neighbourhood,7984.4,25,7816.75,No,137,Festival,261
2025-02-01,FASH104,Fashion,Bengaluru,Mall,3351.84,20,14729.43,No,427,Winter,543
2025-08-01,CARE103,Personal Care,Kochi,Mall,182.45,15,4382.57,No,637,Monsoon,497
2024-12-01,ELEC102,Electronics,Delhi,Mall,22717.5,0,29270.39,Yes,216,Winter,406
2024-08-01,CARE101,Personal Care,Unknown,Neighbourhood,317.82,5,17953.69,Yes,366,Monsoon,537
2025-12-01,FASH102,Fashion,Mumbai,Supermarket,2266.68,10,11839.17,No,589,Winter,659
2023-04-01,CARE104,Personal Care,Delhi,Supermarket,938.28,0,15742.31,No,1108,Summer,949
2024-02-01,FASH103,Fashion,Bengaluru,Supermarket,987.14,0,28138.59,No,512,Winter,493
2025-06-01,FASH103,Fashion,Mumbai,Mall,893.52,15,29831.87,No,538,Monsoon,610
2024-11-01,FASH101,Fashion,Pune,Mall,1405.38,5,10276.79,Yes,397,Festival,539
2024-02-01,CARE101,Personal Care,Kolkata,Supermarket,370.58,10,28437.85,No,654,Winter,643
2025-08-01,FASH102,Fashion,Hyderabad,High Street,2424.77,10,21431.41,Yes,378,Monsoon,425
2024-07-01,FASH104,Fashion,Delhi,Mall,3386.88,5,23776.11,No,414,Monsoon,458
2025-06-01,ELEC103,Electronics,Kolkata,High Street,8754.93,20,17407.34,No,155,Monsoon,224
2025-03-01,GROC104,Groceries,Bengaluru,Mall,463.69,10,24322.66,No,1020,Summer,1183
2024-11-01,HOME101,Home Appliances,Kolkata,Mall,12046.38,10,22251.85,Yes,121,Festival,283
2023-09-01,ELEC101,Electronics,Chennai,Neighbourhood,19950.95,10,9045.47,No,175,Festival,247
2024-03-01,FASH102,Fashion,Delhi,Supermarket,2415.58,0,26348.41,No,482,Summer,499
2024-09-01,HOME102,Home Appliances,Kolkata,Supermarket,7055.36,10,24484.08,No,143,Festival,263
2024-06-01,ELEC103,Electronics,Chennai,Neighbourhood,8269.97,0,22924.73,No,163,Monsoon,175
2024-09-01,ELEC102,Electronics,Mumbai,Mall,25326.95,10,15635.6,No,202,Festival,365
2025-03-01,HOME104,Home Appliances,Pune,Supermarket,4280.04,15,18389.54,No,135,Summer,188
2023-09-01,HOME101,Home Appliances,Pune,Supermarket,11316.15,10,9791.73,No,136,Festival,204
2025-10-01,HOME101,Home Appliances,Kolkata,High Street,12550.13,10,26115.95,Yes,114,Festival,314
2023-02-01,ELEC104,Electronics,Chennai,Mall,3053.77,5,27182.58,No,238,Winter,289
2025-06-01,HOME103,Home Appliances,Chennai,Supermarket,17976.0,15,3482.59,No,143,Monsoon,149
2025-12-01,CARE102,Personal Care,Bengaluru,Mall,730.19,15,13901.43,Yes,923,Winter,1007
2024-02-01,CARE103,Personal Care,Pune,Supermarket,171.81,0,13517.83,No,745,Winter,639
2023-04-01,GROC104,Groceries,Kolkata,Neighbourhood,436.08,0,11190.99,No,797,Summer,717
2023-12-01,GROC104,Groceries,Hyderabad,Supermarket,412.18,15,12944.38,Yes,1394,Winter,1627
2025-12-01,FASH101,Fashion,Bengaluru,Mall,1390.33,10,17270.58,Yes,506,Winter,651
2023-12-01,FASH101,Fashion,Bengaluru,Supermarket,1696.51,15,25327.62,No,499,Winter,601
2024-03-01,GROC104,Groceries,Bengaluru,Mall,446.02,10,4295.12,No,1417,Summer,1359
2023-02-01,CARE103,Personal Care,Kochi,Supermarket,166.25,0,22023.82,No,530,Winter,501
2025-05-01,ELEC104,Electronics,Pune,Supermarket,3433.98,15,22042.66,No,212,Summer,250
2023-07-01,ELEC101,Electronics,Mumbai,Mall,19250.89,5,14865.1,No,223,Monsoon,232
2024-06-01,HOME102,Home Appliances,Delhi,High Street,6880.44,0,24899.86,No,191,Monsoon,234
2023-12-01,HOME103,Home Appliances,Delhi,High Street,16295.59,5,14963.05,Yes,199,Winter,322
2025-10-01,FASH101,Fashion,Kolkata,Neighbourhood,1417.54,15,1958.2849999999999,Yes,335,Festival,607
2024-02-01,ELEC104,Electronics,Delhi,Supermarket,3972.08,5,11885.09,No,203,Winter,230
2025-03-01,ELEC103,Electronics,Kochi,Neighbourhood,6860.04,10,19304.71,No,100,Summer,171
2025-01-01,ELEC103,Electronics,Chennai,Neighbourhood,7148.27,15,16286.11,Yes,152,Winter,299
2023-06-01,HOME104,Home Appliances,Pune,Neighbourhood,4273.05,10,14513.98,No,104,Monsoon,139
2023-10-01,HOME101,Home Appliances,Kolkata,Mall,10310.18,15,10649.41,Yes,115,Festival,280
2024-05-01,ELEC101,Electronics,Kochi,High Street,18525.69,10,15756.48,No,176,Summer,161
2025-07-01,HOME103,Home Appliances,Hyderabad,Neighbourhood,16925.17,0,23220.78,No,125,Monsoon,174
2023-11-01,FASH101,Fashion,Hyderabad,High Street,1379.52,15,27232.04,No,387,Festival,645
2023-09-01,CARE104,Personal Care,Chennai,Neighbourhood,811.81,0,12203.67,No,496,Festival,740
2024-10-01,GROC101,Groceries,Hyderabad,Neighbourhood,135.92,0,29630.55,Yes,677,Festival,876
2024-04-01,FASH102,Fashion,Delhi,Mall,1958.2849999999999,5,1958.2849999999999,No,416,Summer,461
2025-07-01,CARE101,Personal Care,Kolkata,Neighbourhood,349.37,10,4490.88,No,638,Monsoon,626
2023-09-01,GROC102,Groceries,Kochi,Neighbourhood,226.32,5,5874.08,No,755,Festival,896
2024-04-01,ELEC103,Electronics,Pune,High Street,8652.71,10,4037.49,No,170,Summer,165
2025-08-01,GROC101,Groceries,Mumbai,Mall,132.79,0,18860.21,No,1513,Monsoon,1230
2024-02-01,CARE103,Personal Care,Kolkata,Mall,183.07,5,22135.67,No,610,Winter,601
2024-03-01,FASH104,Fashion,Hyderabad,High Street,2831.38,10,21168.78,No,372,Summer,441
2024-06-01,CARE104,Personal Care,Hyderabad,Neighbourhood,782.78,5,19798.51,No,569,Monsoon,675
2023-12-01,GROC102,Groceries,Chennai,Mall,275.02,5,1958.2849999999999,No,818,Winter,888
2024-04-01,HOME104,Home Appliances,Mumbai,Neighbourhood,5217.26,15,9330.12,No,139,Summer,170
2025-06-01,GROC102,Groceries,Mumbai,High Street,252.35,10,11174.18,No,1130,Monsoon,1212
2024-11-01,HOME104,Home Appliances,Delhi,High Street,4490.56,5,20484.81,No,133,Festival,281
2023-11-01,CARE102,Personal Care,Delhi,Neighbourhood,602.01,5,19739.09,Yes,478,Festival,960
2024-03-01,GROC102,Groceries,Hyderabad,High Street,248.58,0,14190.09,No,797,Summer,709
2024-11-01,GROC101,Groceries,Hyderabad,Supermarket,133.09,20,13031.03,Yes,1290,Festival,1647
2024-09-01,HOME104,Home Appliances,Bengaluru,Neighbourhood,5183.47,0,20865.23,No,108,Festival,211
2023-11-01,ELEC102,Electronics,Mumbai,Supermarket,28218.37,0,9008.07,No,216,Festival,273
2025-04-01,ELEC103,Electronics,Mumbai,Neighbourhood,7190.37,20,14008.99,No,201,Summer,320
2023-02-01,GROC101,Groceries,Mumbai,Mall,114.74,10,27069.29,No,1034,Winter,1332
2025-04-01,GROC102,Groceries,Pune,Mall,231.0,25,21045.74,No,1101,Summer,1145
2025-12-01,HOME102,Home Appliances,Bengaluru,Neighbourhood,7707.43,15,26724.83,Yes,107,Winter,302
2025-03-01,ELEC103,Electronics,Delhi,Mall,7662.67,20,28021.1,No,268,Summer,400
2024-07-01,FASH103,Fashion,Kochi,Neighbourhood,901.61,10,9003.53,No,243,Monsoon,234
2024-10-01,GROC101,Groceries,Pune,Supermarket,135.27,20,21101.22,No,973,Festival,1253
2024-11-01,GROC103,Groceries,Pune,Neighbourhood,79.63,20,15428.83,Yes,564,Festival,1215
2024-07-01,HOME103,Home Appliances,Kochi,Supermarket,17557.19,0,5311.99,No,105,Monsoon,86
2024-02-01,HOME104,Home Appliances,Delhi,Supermarket,5580.75,25,9999.09,No,149,Winter,222
2023-01-01,ELEC102,Electronics,Chennai,Mall,27743.82,10,6567.87,Yes,201,Winter,267
2025-09-01,CARE102,Personal Care,Kolkata,Mall,569.85,15,26253.73,No,864,Festival,1195
2023-02-01,FASH101,Fashion,Kolkata,Mall,1440.72,20,4229.85,No,362,Winter,428
2024-08-01,GROC104,Groceries,Mumbai,Mall,411.79,15,4651.64,Yes,1205,Monsoon,1235
2025-12-01,CARE104,Personal Care,Mumbai,High Street,972.62,0,21592.94,No,915,Winter,905
2024-02-01,FASH103,Fashion,Mumbai,Neighbourhood,988.09,15,22746.32,No,418,Winter,569
2023-06-01,ELEC103,Electronics,Hyderabad,Supermarket,8694.4,0,17372.93,No,203,Monsoon,185
2025-09-01,FASH102,Fashion,Kochi,Neighbourhood,2149.46,25,7655.91,No,275,Festival,459
2025-12-01,CARE103,Personal Care,Delhi,Supermarket,154.88,15,26999.88,Yes,986,Winter,1301
2023-12-01,GROC102,Groceries,Hyderabad,Mall,234.11,15,11747.35,No,1121,Winter,1220
2025-07-01,GROC104,Groceries,Kolkata,High Street,398.91,15,6142.88,No,805,Monsoon,866
2024-02-01,CARE103,Personal Care,Kolkata,Mall,171.73,10,26284.92,No,879,Winter,898
2024-07-01,CARE103,Personal Care,Pune,Mall,204.79,0,4940.63,No,738,Monsoon,455
2023-03-01,GROC104,Groceries,Hyderabad,High Street,412.94,10,4752.28,No,1054,Summer,1214
2023-12-01,GROC102,Groceries,Bengaluru,High Street,257.52,10,29378.22,Yes,831,Winter,1049
2024-07-01,ELEC104,Electronics,Chennai,Supermarket,3679.87,10,29735.18,No,171,Monsoon,202
2023-09-01,GROC102,Groceries,Hyderabad,Neighbourhood,217.22,5,19809.09,No,638,Festival,1131
2025-12-01,CARE103,Personal Care,Chennai,High Street,180.67,5,19766.06,No,771,Winter,653
2025-05-01,HOME104,Home Appliances,Hyderabad,Mall,4307.65,5,10426.47,No,183,Summer,191
2025-03-01,ELEC101,Electronics,Kolkata,Mall,20331.86,10,10719.85,No,199,Summer,192
2025-04-01,GROC101,Groceries,Kolkata,Supermarket,124.91,0,13634.89,No,971,Summer,720
2023-01-01,CARE103,Personal Care,Chennai,Supermarket,177.92,0,15494.52,Yes,846,Winter,792
2023-09-01,HOME104,Home Appliances,Mumbai,Neighbourhood,5409.96,5,15808.06,No,115,Festival,217
2023-06-01,ELEC103,Electronics,Pune,Mall,8964.18,20,11869.74,No,241,Monsoon,219
2023-08-01,CARE102,Personal Care,Mumbai,Neighbourhood,671.9,5,14834.98,No,747,Monsoon,737
2025-03-01,CARE102,Personal Care,Chennai,High Street,656.41,20,23495.87,No,772,Summer,783
2025-03-01,CARE101,Personal Care,Pune,Supermarket,383.26,10,23556.44,No,653,Summer,644
2024-08-01,CARE104,Personal Care,Kolkata,High Street,931.08,0,4279.76,Yes,588,Monsoon,517
2024-06-01,CARE104,Personal Care,Pune,Mall,848.37,20,14074.42,No,656,Monsoon,761
2024-02-01,HOME102,Home Appliances,Kolkata,High Street,7010.32,15,10981.18,No,166,Winter,199
2024-11-01,CARE104,Personal Care,Kolkata,High Street,991.34,0,22742.77,No,556,Festival,668
2025-03-01,ELEC104,Electronics,Bengaluru,Mall,3218.5,10,4260.84,No,291,Summer,291
2023-03-01,ELEC102,Electronics,Hyderabad,High Street,23214.47,20,21599.0,No,240,Summer,285
2025-09-01,ELEC104,Electronics,Bengaluru,High Street,3162.14,5,26197.92,No,206,Festival,359
2024-10-01,HOME103,Home Appliances,Delhi,Supermarket,20410.07,25,6912.26,Yes,217,Festival,415
2023-01-01,GROC101,Groceries,Delhi,Neighbourhood,125.53,10,3509.55,Yes,969,Winter,1174
2023-04-01,FASH102,Fashion,Mumbai,Supermarket,1927.72,25,18063.32,No,441,Summer,637
2025-02-01,GROC104,Groceries,Hyderabad,High Street,440.97,15,27773.17,No,967,Winter,1150
2024-06-01,HOME102,Home Appliances,Bengaluru,Supermarket,7736.41,15,21592.99,No,159,Monsoon,236
2024-12-01,CARE104,Personal Care,Kochi,Neighbourhood,1029.83,10,12618.83,Yes,400,Winter,433
2024-11-01,HOME103,Home Appliances,Pune,High Street,17043.2,15,17728.18,Yes,126,Festival,298
2024-06-01,ELEC102,Electronics,Mumbai,Neighbourhood,25971.33,20,16195.07,No,206,Monsoon,276
2025-02-01,HOME102,Home Appliances,Kolkata,High Street,7310.81,0,11245.3,No,165,Winter,174
2025-11-01,GROC104,Groceries,Chennai,Supermarket,1958.2849999999999,15,28431.43,Yes,1258,Festival,1669
2023-04-01,FASH104,Fashion,Chennai,Mall,3036.77,10,24820.54,No,328,Summer,392
2025-01-01,ELEC102,Electronics,Kolkata,Supermarket,23742.09,10,27319.6,Yes,174,Winter,328
2023-03-01,CARE103,Personal Care,Kochi,Neighbourhood,199.54,0,7705.52,No,468,Summer,432
2023-09-01,CARE104,Personal Care,Kolkata,High Street,879.4,0,11293.05,No,820,Festival,867
2025-04-01,ELEC104,Electronics,Kochi,Neighbourhood,3008.73,15,6601.78,No,133,Summer,177
2024-04-01,FASH102,Fashion,Delhi,Supermarket,2413.04,0,17587.94,No,426,Summer,421
2025-04-01,CARE104,Personal Care,Kochi,Supermarket,836.02,10,4917.03,No,676,Summer,594
2023-04-01,FASH102,Fashion,Delhi,Supermarket,2372.33,10,16028.54,No,604,Summer,581
2023-10-01,ELEC104,Electronics,Hyderabad,Mall,3092.22,10,15382.33,No,271,Festival,358
2024-03-01,HOME103,Home Appliances,Hyderabad,High Street,20070.19,20,7330.63,No,131,Summer,155
2023-02-01,GROC102,Groceries,Pune,Supermarket,225.56,10,13210.09,No,1181,Winter,1131
2025-05-01,CARE101,Personal Care,Bengaluru,Neighbourhood,350.76,15,24708.62,No,661,Summer,776
2024-03-01,ELEC101,Electronics,Delhi,High Street,20166.61,0,6404.77,No,211,Summer,181
2023-04-01,HOME102,Home Appliances,Pune,Neighbourhood,7137.92,15,15204.77,No,79,Summer,139
2025-01-01,CARE103,Personal Care,Delhi,High Street,183.58,20,22225.47,No,790,Winter,1014
2023-09-01,CARE102,Personal Care,Pune,Mall,614.29,10,12059.25,No,652,Festival,907
2024-03-01,CARE102,Personal Care,Bengaluru,Supermarket,569.47,10,10739.8,No,1023,Summer,981
2025-11-01,GROC101,Groceries,Chennai,High Street,113.0,10,16379.16,Yes,719,Festival,1269
2024-02-01,CARE104,Personal Care,Mumbai,Neighbourhood,1024.6,10,11663.8,No,617,Winter,693
2023-05-01,HOME104,Home Appliances,Delhi,Supermarket,4446.1,10,8806.93,No,198,Summer,244
2025-10-01,FASH101,Fashion,Delhi,Supermarket,1696.99,15,6469.61,Yes,579,Festival,840
2025-04-01,GROC101,Groceries,Hyderabad,Mall,109.83,5,28077.71,No,981,Summer,1145
2024-11-01,ELEC103,Electronics,Kochi,Neighbourhood,8244.44,15,18470.83,Yes,108,Festival,259
2025-09-01,HOME104,Home Appliances,Kolkata,Neighbourhood,5616.13,20,22323.26,No,124,Festival,232
2023-12-01,ELEC102,Electronics,Delhi,Mall,22170.33,20,25206.18,Yes,291,Winter,469
2024-12-01,GROC103,Groceries,Pune,Supermarket,84.28,10,10727.03,Yes,965,Winter,1001
2025-05-01,HOME101,Home Appliances,Bengaluru,Mall,13795.5,25,13040.22,No,154,Summer,213
2025-07-01,CARE104,Personal Care,Mumbai,High Street,976.07,15,12594.17,No,849,Monsoon,918
2024-02-01,ELEC101,Electronics,Kochi,Supermarket,20189.64,5,3996.12,No,157,Winter,136
2024-05-01,FASH102,Fashion,Kolkata,Mall,2455.41,0,8355.62,No,452,Summer,361
2025-01-01,ELEC103,Electronics,Hyderabad,Neighbourhood,7215.72,15,10712.95,No,180,Winter,241
2024-11-01,CARE103,Personal Care,Mumbai,Neighbourhood,205.39,0,17894.69,Yes,775,Festival,1150
2025-06-01,GROC101,Groceries,Delhi,Neighbourhood,115.51,25,19173.34,No,1000,Monsoon,1383
2024-05-01,HOME102,Home Appliances,Bengaluru,Neighbourhood,6979.64,10,20605.62,No,97,Summer,202
2023-12-01,GROC102,Groceries,Chennai,Neighbourhood,255.41,10,18374.68,Yes,609,Winter,836
2025-07-01,FASH102,Fashion,Kochi,High Street,2197.81,0,13998.58,No,343,Monsoon,274
2025-01-01,CARE102,Personal Care,Pune,Supermarket,667.87,15,11383.57,No,569,Winter,622
2024-09-01,GROC103,Groceries,Kolkata,Supermarket,80.8,0,26165.87,No,1207,Festival,1257
2023-01-01,GROC102,Groceries,Pune,Supermarket,250.69,20,21745.42,Yes,1059,Winter,1104
2023-08-01,ELEC104,Electronics,Mumbai,Mall,3912.68,15,28808.27,Yes,285,Monsoon,403
2024-11-01,CARE101,Personal Care,Kochi,Neighbourhood,372.28,15,5556.51,No,494,Festival,578
2025-06-01,HOME101,Home Appliances,Chennai,Mall,13771.19,0,7938.13,No,147,Monsoon,110
2023-02-01,GROC101,Groceries,Delhi,Mall,115.09,0,13083.53,No,1522,Winter,1479
2023-04-01,CARE103,Personal Care,Mumbai,Mall,190.92,15,29107.69,No,807,Summer,953
2023-08-01,GROC101,Groceries,Kolkata,Mall,129.24,5,1958.2849999999999,No,1116,Monsoon,967
2025-12-01,CARE101,Personal Care,Chennai,Supermarket,395.78,5,7448.01,Yes,762,Winter,726
2023-10-01,GROC103,Groceries,Pune,Mall,70.24,15,7661.75,Yes,1029,Festival,1496
2024-03-01,ELEC104,Electronics,Pune,Neighbourhood,3007.1,10,29187.07,No,165,Summer,241
2025-08-01,CARE102,Personal Care,Delhi,Supermarket,631.93,15,18237.16,No,815,Monsoon,958
2025-01-01,CARE101,Personal Care,Kochi,High Street,396.04,15,24311.11,Yes,458,Winter,540
2025-06-01,GROC104,Groceries,Kolkata,Supermarket,445.66,10,3897.87,No,940,Monsoon,852
2023-01-01,ELEC103,Electronics,Kolkata,Mall,7087.44,0,21899.73,Yes,204,Winter,332
2025-03-01,CARE104,Personal Care,Pune,Supermarket,899.79,0,12098.05,No,665,Summer,504
2023-03-01,HOME104,Home Appliances,Mumbai,Neighbourhood,5287.82,20,20902.7,No,126,Summer,222
2024-07-01,FASH103,Fashion,Delhi,Neighbourhood,881.07,10,3297.76,No,400,Monsoon,403
2024-09-01,FASH104,Fashion,Chennai,Neighbourhood,2845.12,10,6099.49,No,216,Festival,349
2024-11-01,CARE101,Personal Care,Hyderabad,Neighbourhood,374.92,0,15161.91,Yes,643,Festival,849
2024-12-01,GROC103,Groceries,Kochi,Mall,84.47,20,14880.17,Yes,999,Winter,1125
2023-10-01,GROC102,Groceries,Delhi,Neighbourhood,232.1,5,23287.04,Yes,710,Festival,1319
2024-01-01,HOME104,Home Appliances,Chennai,High Street,4447.36,25,4330.88,No,159,Winter,207
2025-05-01,GROC104,Groceries,Mumbai,Mall,424.32,20,8297.82,No,1271,Summer,1591
2024-12-01,HOME103,Home Appliances,Delhi,Neighbourhood,17696.59,10,9644.68,No,145,Winter,209
2024-05-01,HOME102,Home Appliances,Hyderabad,Mall,7427.71,20,10426.09,No,128,Summer,173
2023-08-01,HOME103,Home Appliances,Kolkata,High Street,18482.07,10,10443.52,Yes,155,Monsoon,212
2025-01-01,HOME102,Home Appliances,Delhi,Supermarket,7994.98,15,5294.19,Yes,149,Winter,260
2025-10-01,HOME101,Home Appliances,Pune,Supermarket,13539.51,0,25170.84,Yes,175,Festival,291
2024-11-01,FASH101,Fashion,Bengaluru,High Street,1455.1,0,18576.9,No,522,Festival,648
2023-11-01,FASH102,Fashion,Delhi,High Street,2165.61,10,11350.26,Yes,398,Festival,713
2025-03-01,FASH104,Fashion,Delhi,Supermarket,2920.49,15,8313.33,No,530,Summer,647
2025-08-01,FASH103,Fashion,Hyderabad,Supermarket,962.28,10,29821.43,No,381,Monsoon,415
2023-03-01,GROC104,Groceries,Kochi,High Street,491.96,10,14801.11,No,652,Summer,522
2024-10-01,GROC102,Groceries,Chennai,Supermarket,261.01,10,28125.17,Yes,988,Festival,1318
2024-10-01,FASH103,Fashion,Mumbai,Mall,1001.34,10,8112.62,Yes,368,Festival,586
2024-05-01,ELEC103,Electronics,Hyderabad,High Street,8738.13,5,4454.28,No,155,Summer,129
2023-09-01,FASH101,Fashion,Bengaluru,Supermarket,1663.04,15,12322.41,No,444,Festival,638
2024-05-01,HOME102,Home Appliances,Unknown,Neighbourhood,6964.45,10,29445.17,No,113,Summer,193
2025-12-01,ELEC103,Electronics,Chennai,High Street,7066.53,5,22514.57,Yes,219,Winter,321
2023-10-01,FASH102,Fashion,Hyderabad,High Street,2100.34,15,15254.04,Yes,477,Festival,763
2024-07-01,CARE104,Personal Care,Kolkata,High Street,838.58,10,10402.69,No,550,Monsoon,588
2025-04-01,GROC101,Groceries,Kochi,High Street,123.65,20,28943.1,No,871,Summer,865
2023-05-01,ELEC102,Electronics,Kolkata,Mall,26775.42,15,21635.58,No,199,Summer,221
2023-07-01,FASH104,Fashion,Kochi,Neighbourhood,2794.54,0,13575.76,No,196,Monsoon,262
2023-03-01,HOME102,Home Appliances,Chennai,Neighbourhood,8311.92,10,23336.76,No,106,Summer,141
2025-02-01,FASH101,Fashion,Delhi,Supermarket,1506.03,10,24858.86,No,508,Winter,611
2023-03-01,FASH101,Fashion,Chennai,Supermarket,1504.62,10,14712.18,No,439,Summer,459
2023-06-01,ELEC102,Electronics,Kochi,Mall,24622.6,5,24753.49,No,146,Monsoon,178
2023-08-01,ELEC101,Electronics,Chennai,Mall,15669.1,15,3340.0,No,215,Monsoon,206
2025-08-01,FASH104,Fashion,Kochi,Supermarket,3316.49,5,17080.19,No,355,Monsoon,293
2024-03-01,ELEC102,Electronics,Bengaluru,Mall,27135.81,10,16108.39,No,218,Summer,286
2024-05-01,ELEC102,Electronics,Kochi,Neighbourhood,22568.57,5,11709.62,No,95,Summer,134
2024-05-01,GROC104,Groceries,Delhi,High Street,395.33,25,21198.62,No,910,Summer,1381
2025-05-01,ELEC103,Electronics,Pune,Mall,8662.45,0,20565.79,No,168,Summer,153
2023-04-01,HOME101,Home Appliances,Delhi,Mall,12948.21,10,5693.6,No,200,Summer,217
2023-12-01,ELEC101,Electronics,Bengaluru,High Street,18801.21,15,18385.29,Yes,254,Winter,401
2024-11-01,FASH102,Fashion,Pune,Supermarket,2145.79,5,10879.23,No,451,Festival,539
2025-06-01,FASH101,Fashion,Mumbai,High Street,1719.78,10,15684.66,No,387,Monsoon,411
2024-06-01,FASH103,Fashion,Delhi,Neighbourhood,849.15,5,11310.4,No,295,Monsoon,389
2025-10-01,FASH104,Fashion,Kolkata,Mall,3362.7,10,3463.1,No,478,Festival,532
2024-04-01,CARE103,Personal Care,Pune,Mall,201.98,10,27137.67,No,875,Summer,774
2024-09-01,GROC102,Groceries,Kolkata,Supermarket,271.76,5,24159.98,No,870,Festival,1060
2024-06-01,HOME101,Home Appliances,Pune,Supermarket,10878.05,0,16513.36,No,169,Monsoon,163
2025-07-01,CARE101,Personal Care,Kolkata,Mall,396.76,20,26347.28,No,585,Monsoon,595
2023-12-01,ELEC102,Electronics,Pune,Supermarket,23145.1,20,11834.17,Yes,175,Winter,298
2024-07-01,GROC101,Groceries,Kolkata,Neighbourhood,117.54,15,9804.15,No,657,Monsoon,788
2025-10-01,ELEC101,Electronics,Kochi,Mall,20454.09,15,25935.9,No,181,Festival,247
2024-04-01,ELEC103,Electronics,Bengaluru,High Street,8463.86,20,19872.74,No,164,Summer,260
2024-03-01,GROC104,Groceries,Kolkata,Mall,493.74,0,26727.63,No,1129,Summer,888
2023-01-01,GROC103,Groceries,Mumbai,Mall,88.91,15,25341.99,Yes,1304,Winter,1560
2025-10-01,CARE101,Personal Care,Mumbai,Supermarket,325.72,10,29964.86,Yes,722,Festival,1237
2023-05-01,FASH103,Fashion,Pune,Mall,917.63,0,10292.59,No,361,Summer,265
2025-10-01,ELEC101,Electronics,Bengaluru,Mall,19085.24,10,28263.59,No,210,Festival,378
2025-09-01,GROC101,Groceries,Delhi,Mall,132.92,10,20598.6,No,1031,Festival,1464
2025-01-01,HOME104,Home Appliances,Pune,Supermarket,5719.03,5,11205.32,Yes,120,Winter,172
2023-04-01,CARE101,Personal Care,Pune,Neighbourhood,358.05,0,25309.27,No,381,Summer,345
2025-12-01,HOME101,Home Appliances,Bengaluru,Neighbourhood,11489.88,10,5317.74,No,141,Winter,155
2025-05-01,FASH101,Fashion,Mumbai,Neighbourhood,1626.66,15,14666.26,No,351,Summer,419
2023-12-01,HOME103,Home Appliances,Kochi,High Street,16878.6,15,11918.4,No,107,Winter,129
2024-03-01,GROC103,Groceries,Hyderabad,High Street,69.55,5,22948.34,No,849,Summer,922
2023-05-01,GROC103,Groceries,Kolkata,Neighbourhood,70.26,15,19769.0,No,869,Summer,1041
2025-01-01,HOME101,Home Appliances,Chennai,High Street,13224.28,15,24781.3,Yes,115,Winter,232
2025-06-01,FASH101,Fashion,Hyderabad,Mall,1456.45,0,13100.18,No,374,Monsoon,383
2023-11-01,CARE104,Personal Care,Bengaluru,Mall,928.1,10,4472.57,No,923,Festival,1184
2024-06-01,HOME103,Home Appliances,Pune,High Street,16573.07,5,11933.41,No,159,Monsoon,154
2023-10-01,FASH104,Fashion,Hyderabad,Mall,2905.64,10,17501.15,No,327,Festival,542
2025-08-01,GROC101,Groceries,Chennai,Mall,118.92,5,3530.07,No,992,Monsoon,885
2024-09-01,FASH103,Fashion,Chennai,Neighbourhood,908.37,10,21440.04,No,299,Festival,477
2025-10-01,CARE103,Personal Care,Chennai,Mall,173.83,20,24035.81,No,582,Festival,1041
2024-03-01,ELEC103,Electronics,Kochi,Neighbourhood,7092.2,0,19050.79,No,112,Summer,148
2024-07-01,GROC101,Groceries,Mumbai,Mall,115.73,0,25732.88,No,1494,Monsoon,1301
2025-08-01,CARE104,Personal Care,Hyderabad,Neighbourhood,945.09,10,9309.65,Yes,516,Monsoon,613
2024-06-01,ELEC103,Electronics,Kolkata,High Street,8125.32,10,18056.85,No,167,Monsoon,186
2023-03-01,HOME104,Home Appliances,Delhi,High Street,5045.5,10,19168.52,No,196,Summer,242
2023-03-01,ELEC104,Electronics,Bengaluru,Mall,3060.79,15,6655.22,No,197,Summer,269
2023-09-01,HOME104,Home Appliances,Hyderabad,High Street,5334.46,10,14330.65,No,114,Festival,201
2023-05-01,ELEC101,Electronics,Hyderabad,Supermarket,15455.83,10,4733.28,No,231,Summer,239
2025-06-01,GROC103,Groceries,Kochi,Mall,85.15,5,18331.65,No,1089,Monsoon,676
2024-02-01,ELEC101,Electronics,Pune,Mall,16401.99,0,21721.67,No,237,Winter,240
2025-08-01,HOME101,Home Appliances,Pune,Neighbourhood,13590.75,0,25946.53,No,119,Monsoon,115
2025-10-01,FASH103,Fashion,Hyderabad,Supermarket,941.86,15,15037.94,Yes,515,Festival,753
2025-05-01,GROC104,Groceries,Kochi,Supermarket,395.23,0,18737.47,No,712,Summer,750
2023-06-01,CARE101,Personal Care,Bengaluru,High Street,376.02,15,13731.26,No,671,Monsoon,707
2024-05-01,HOME102,Home Appliances,Kolkata,Supermarket,7911.2,0,14534.48,No,163,Summer,157
2023-09-01,GROC104,Groceries,Kochi,Supermarket,495.35,0,28269.45,No,751,Festival,861
2024-04-01,FASH102,Fashion,Kolkata,Mall,1962.98,15,26679.74,No,338,Summer,445
2023-06-01,GROC103,Groceries,Pune,Mall,70.7,0,4952.39,No,1103,Monsoon,973
2024-03-01,GROC104,Groceries,Kochi,Mall,504.51,0,27492.17,No,966,Summer,652
2023-02-01,FASH104,Fashion,Mumbai,Supermarket,2885.75,10,9983.29,No,495,Winter,628
2023-02-01,CARE103,Personal Care,Chennai,Supermarket,154.61,0,18210.43,No,882,Winter,866
2025-06-01,HOME101,Home Appliances,Pune,Supermarket,13185.89,20,24652.55,No,165,Monsoon,169
2025-12-01,ELEC101,Electronics,Delhi,High Street,16452.07,20,11785.54,Yes,236,Winter,434
2024-12-01,FASH104,Fashion,Delhi,Mall,2875.12,5,25220.48,Yes,501,Winter,638
2024-10-01,FASH101,Fashion,Bengaluru,High Street,1690.99,0,23582.61,Yes,460,Festival,679
2024-03-01,ELEC103,Electronics,Pune,High Street,8458.58,10,17069.6,No,222,Summer,196
2023-06-01,CARE102,Personal Care,Chennai,Supermarket,738.22,10,25242.54,No,772,Monsoon,615
2025-01-01,ELEC104,Electronics,Kochi,Mall,3778.32,15,7281.01,Yes,210,Winter,265
2025-03-01,CARE104,Personal Care,Chennai,High Street,872.08,0,16695.47,No,851,Summer,648
2023-10-01,ELEC102,Electronics,Delhi,Neighbourhood,22717.74,25,23643.22,Yes,159,Festival,493
2024-11-01,HOME101,Home Appliances,Mumbai,High Street,11726.17,10,18028.85,Yes,179,Festival,404
2023-10-01,ELEC103,Electronics,Mumbai,Mall,8687.11,25,17654.88,No,205,Festival,421
2025-07-01,GROC104,Groceries,Kolkata,High Street,437.95,5,26674.9,No,958,Monsoon,798
2024-03-01,FASH102,Fashion,Mumbai,Mall,2090.6,5,28915.77,No,487,Summer,553
2025-03-01,HOME104,Home Appliances,Chennai,Mall,5127.4,0,20960.51,No,165,Summer,172
2025-02-01,HOME104,Home Appliances,Mumbai,Supermarket,5610.9,10,19863.8,No,168,Winter,243
2024-04-01,HOME104,Home Appliances,Bengaluru,High Street,4982.84,10,6076.33,No,124,Summer,144
2024-12-01,FASH101,Fashion,Mumbai,Mall,1350.32,10,29418.33,Yes,388,Winter,615
2023-01-01,HOME103,Home Appliances,Pune,Neighbourhood,20086.0,0,10330.07,Yes,115,Winter,171
2025-02-01,HOME101,Home Appliances,Kolkata,Neighbourhood,11648.18,5,23645.89,No,90,Winter,171
2025-03-01,HOME103,Home Appliances,Mumbai,Supermarket,18034.89,0,26514.05,No,160,Summer,232
2024-11-01,HOME104,Home Appliances,Hyderabad,Supermarket,4437.95,0,11774.78,Yes,195,Festival,329
2025-07-01,HOME102,Home Appliances,Mumbai,Neighbourhood,7200.09,5,19786.36,No,97,Monsoon,178
2023-12-01,ELEC101,Electronics,Hyderabad,Neighbourhood,16974.12,5,17253.57,Yes,180,Winter,296
2024-01-01,HOME102,Home Appliances,Hyderabad,Neighbourhood,7032.74,10,14360.53,No,135,Winter,184
2024-03-01,CARE104,Personal Care,Kolkata,Neighbourhood,939.83,5,6681.87,No,543,Summer,553
2023-03-01,CARE103,Personal Care,Pune,Mall,203.02,10,25005.21,No,647,Summer,614
2025-10-01,FASH104,Fashion,Pune,High Street,3536.59,10,5070.15,Yes,418,Festival,509
2024-03-01,HOME104,Home Appliances,Mumbai,High Street,5498.5,10,6013.08,No,198,Summer,234
2024-04-01,GROC103,Groceries,Delhi,Neighbourhood,68.24,5,21607.25,No,1053,Summer,1179
2023-11-01,ELEC102,Electronics,Kolkata,Neighbourhood,22868.78,15,25859.39,Yes,110,Festival,376
2024-10-01,HOME104,Home Appliances,Chennai,High Street,5369.79,20,18118.89,Yes,118,Festival,297
2024-06-01,GROC102,Groceries,Pune,Mall,232.02,15,15840.59,No,884,Monsoon,836
2025-11-01,CARE104,Personal Care,Bengaluru,Neighbourhood,912.76,10,17668.76,No,558,Festival,883
2023-05-01,HOME103,Home Appliances,Kochi,Supermarket,16111.16,20,20785.56,No,109,Summer,166
2023-03-01,GROC103,Groceries,Delhi,Neighbourhood,68.78,5,25163.04,No,754,Summer,1080
2025-02-01,CARE104,Personal Care,Kolkata,Neighbourhood,827.94,25,23875.01,No,412,Winter,770
2024-09-01,ELEC104,Electronics,Kochi,Mall,3546.45,5,1958.2849999999999,No,186,Festival,224
2025-10-01,GROC102,Groceries,Mumbai,High Street,239.23,5,8164.53,No,1350,Festival,1819
2024-02-01,FASH102,Fashion,Chennai,Neighbourhood,2134.87,15,8199.55,No,259,Winter,340
2024-01-01,FASH104,Fashion,Mumbai,Mall,3444.98,0,8792.59,No,374,Winter,363
2024-08-01,CARE103,Personal Care,Kochi,Neighbourhood,198.12,10,3491.39,No,540,Monsoon,311
2023-01-01,CARE102,Personal Care,Mumbai,High Street,665.95,10,17095.99,Yes,836,Winter,1026
2023-02-01,ELEC103,Electronics,Kochi,High Street,7211.63,0,18250.93,No,176,Winter,186
2024-11-01,CARE102,Personal Care,Kolkata,High Street,557.8,10,10106.98,No,743,Festival,1064
2023-08-01,CARE101,Personal Care,Hyderabad,Supermarket,370.65,25,17558.38,Yes,679,Monsoon,822
2024-11-01,ELEC104,Electronics,Pune,Supermarket,2976.97,0,12467.53,Yes,160,Festival,299
2024-03-01,HOME101,Home Appliances,Kolkata,High Street,12156.56,10,5674.52,No,124,Summer,133
2025-02-01,GROC103,Groceries,Bengaluru,Neighbourhood,81.48,10,20829.54,No,966,Winter,1212
2025-05-01,CARE103,Personal Care,Mumbai,Supermarket,178.41,5,5516.78,No,723,Summer,808
2025-02-01,CARE101,Personal Care,Chennai,Mall,341.77,0,13647.29,No,929,Winter,693
2023-06-01,ELEC101,Electronics,Kolkata,Neighbourhood,16126.75,25,23050.24,No,133,Monsoon,233
2023-01-01,GROC103,Groceries,Pune,Supermarket,88.17,10,7004.15,No,1115,Winter,911
2023-12-01,GROC102,Groceries,Bengaluru,High Street,227.43,5,28397.42,No,1193,Winter,1301
2024-09-01,GROC102,Groceries,Bengaluru,High Street,241.61,0,10495.54,No,1124,Festival,1328
2024-08-01,CARE102,Personal Care,Bengaluru,High Street,592.95,15,14691.13,Yes,695,Monsoon,855
2025-12-01,GROC104,Groceries,Pune,Mall,396.04,5,7003.63,No,1094,Winter,940
2024-04-01,ELEC102,Electronics,Mumbai,Supermarket,24560.2,15,12143.27,No,232,Summer,317
2023-12-01,HOME103,Home Appliances,Hyderabad,High Street,16306.63,0,23162.8,Yes,155,Winter,275
2023-03-01,FASH103,Fashion,Mumbai,Mall,1031.34,10,14674.33,No,517,Summer,572
2025-08-01,ELEC103,Electronics,Kolkata,Supermarket,7560.98,15,17566.68,No,207,Monsoon,246
2024-01-01,ELEC102,Electronics,Delhi,Mall,27266.08,15,22430.69,Yes,252,Winter,417
2023-01-01,GROC102,Groceries,Mumbai,Neighbourhood,260.36,20,4685.48,No,1041,Winter,1431
2024-09-01,GROC101,Groceries,Kochi,Neighbourhood,133.77,15,9334.8,No,539,Festival,724
2023-04-01,HOME102,Home Appliances,Bengaluru,Mall,7528.63,25,11255.51,No,168,Summer,238
2025-02-01,FASH102,Fashion,Kochi,Supermarket,2353.18,10,21451.49,No,317,Winter,280
2023-11-01,ELEC102,Electronics,Chennai,High Street,21629.32,15,16319.11,Yes,172,Festival,387
2024-05-01,ELEC101,Electronics,Chennai,High Street,19514.37,25,27873.7,No,170,Summer,233
2025-10-01,FASH101,Fashion,Hyderabad,Neighbourhood,1580.73,5,18266.97,Yes,299,Festival,508
2024-06-01,GROC101,Groceries,Mumbai,Supermarket,105.69,20,6551.18,No,1410,Monsoon,1485
2023-05-01,GROC104,Groceries,Mumbai,Neighbourhood,447.12,5,13964.06,No,1025,Summer,1194
2025-05-01,GROC104,Groceries,Bengaluru,Supermarket,498.21,10,9281.05,No,1432,Summer,1370
2024-11-01,GROC102,Groceries,Chennai,Supermarket,218.79,15,7339.32,No,1042,Festival,1322
2025-03-01,CARE102,Personal Care,Bengaluru,Supermarket,597.57,5,27002.77,No,697,Summer,791
2024-07-01,ELEC102,Electronics,Kochi,High Street,26728.5,5,14088.26,No,142,Monsoon,152
2023-01-01,GROC104,Groceries,Kochi,High Street,501.68,15,7971.51,No,651,Winter,707
2025-12-01,CARE101,Personal Care,Kochi,Mall,345.74,20,5096.98,No,755,Winter,748
2023-04-01,FASH103,Fashion,Bengaluru,Mall,803.56,15,8534.46,No,505,Summer,564
2023-10-01,ELEC103,Electronics,Chennai,Neighbourhood,7739.2,10,28918.06,Yes,164,Festival,384
2025-11-01,GROC102,Groceries,Chennai,Supermarket,213.1,5,23483.21,Yes,1251,Festival,1671
2024-03-01,GROC102,Groceries,Chennai,Neighbourhood,257.21,15,27120.22,No,601,Summer,890
2023-11-01,HOME101,Home Appliances,Kolkata,Neighbourhood,10857.11,25,12749.55,No,112,Festival,235
2024-05-01,GROC102,Groceries,Delhi,Neighbourhood,235.03,0,17232.35,No,835,Summer,930
2025-01-01,HOME104,Home Appliances,Bengaluru,High Street,5440.16,5,3926.97,No,185,Winter,157
2023-03-01,ELEC104,Electronics,Hyderabad,Supermarket,3228.08,5,16433.04,No,277,Summer,310
2023-07-01,ELEC104,Electronics,Kochi,Mall,3074.18,20,13011.71,No,194,Monsoon,200
2023-02-01,ELEC104,Electronics,Mumbai,Neighbourhood,3557.01,15,21004.58,No,209,Winter,303
2024-06-01,HOME103,Home Appliances,Mumbai,Mall,16415.71,0,16738.7,No,145,Monsoon,199
2023-08-01,FASH101,Fashion,Bengaluru,Neighbourhood,1460.11,5,9570.98,Yes,379,Monsoon,486
2025-12-01,FASH104,Fashion,Delhi,Supermarket,3598.64,0,13915.09,Yes,446,Winter,511
2025-06-01,CARE101,Personal Care,Bengaluru,Supermarket,385.1,15,11212.93,No,883,Monsoon,851
2024-11-01,ELEC103,Electronics,Hyderabad,Supermarket,7067.68,5,22012.18,No,271,Festival,391
2025-03-01,CARE104,Personal Care,Delhi,Mall,774.07,10,13717.17,No,919,Summer,996
2023-11-01,ELEC102,Electronics,Pune,Neighbourhood,28298.64,5,13689.6,No,144,Festival,213
2023-11-01,HOME103,Home Appliances,Delhi,Supermarket,20673.93,0,13811.24,Yes,219,Festival,387
2024-02-01,GROC102,Groceries,Kochi,Neighbourhood,225.23,25,3258.07,No,531,Winter,807
2023-03-01,HOME102,Home Appliances,Pune,Supermarket,6611.95,0,21452.24,No,156,Summer,172
2025-05-01,ELEC104,Electronics,Kolkata,Mall,3183.9,20,23074.75,No,246,Summer,304
2024-09-01,FASH102,Fashion,Bengaluru,Supermarket,2237.85,10,26992.0,No,440,Festival,685
2023-12-01,ELEC104,Electronics,Kolkata,Mall,3240.03,5,6084.3,Yes,243,Winter,279
2025-12-01,GROC103,Groceries,Pune,Neighbourhood,82.62,15,4305.15,No,655,Winter,751
2025-07-01,HOME104,Home Appliances,Chennai,Supermarket,4647.04,15,8991.72,No,169,Monsoon,178
2024-03-01,FASH104,Fashion,Bengaluru,Neighbourhood,3410.43,10,20355.69,No,325,Summer,395
2025-08-01,CARE102,Personal Care,Kochi,Mall,659.11,10,18037.61,No,597,Monsoon,608
2024-11-01,FASH103,Fashion,Mumbai,Supermarket,929.4,5,21569.87,Yes,598,Festival,840
2023-08-01,CARE102,Personal Care,Pune,Supermarket,733.08,20,24551.5,Yes,603,Monsoon,639
2025-04-01,CARE102,Personal Care,Kochi,Supermarket,736.04,5,25936.98,No,776,Summer,619
2024-11-01,GROC104,Groceries,Kolkata,Mall,448.19,10,26304.53,Yes,964,Festival,1362
2024-02-01,GROC102,Groceries,Mumbai,Supermarket,234.38,25,9114.55,No,1055,Winter,1539
2025-09-01,FASH103,Fashion,Hyderabad,Supermarket,836.83,15,27038.48,No,546,Festival,777
2025-06-01,FASH102,Fashion,Pune,Neighbourhood,2075.59,5,9158.4,No,241,Monsoon,264
2025-03-01,GROC104,Groceries,Bengaluru,Mall,412.42,15,8937.96,No,1456,Summer,1531
2025-08-01,CARE104,Personal Care,Hyderabad,High Street,791.91,15,27985.44,Yes,627,Monsoon,823
2023-04-01,FASH103,Fashion,Pune,High Street,942.34,0,24201.53,No,357,Summer,311
2024-01-01,ELEC103,Electronics,Kolkata,Supermarket,9182.75,5,21317.52,No,184,Winter,202
2023-01-01,FASH102,Fashion,Bengaluru,Supermarket,1920.42,25,5586.74,Yes,560,Winter,761
2025-09-01,CARE101,Personal Care,Bengaluru,Mall,327.12,5,26243.49,No,854,Festival,1227
2023-03-01,HOME101,Home Appliances,Mumbai,Supermarket,11659.88,25,18356.77,No,214,Summer,275
2025-10-01,FASH103,Fashion,Hyderabad,High Street,845.2,5,23750.53,Yes,447,Festival,652
2024-02-01,GROC102,Groceries,Bengaluru,Supermarket,213.17,20,3989.05,No,1302,Winter,1649
2023-09-01,GROC103,Groceries,Hyderabad,Mall,75.0,5,6327.9,No,1252,Festival,1492
2025-04-01,HOME102,Home Appliances,Mumbai,Mall,8270.51,25,13473.27,No,191,Summer,243
2024-04-01,HOME101,Home Appliances,Kolkata,Supermarket,11965.65,5,5001.22,No,119,Summer,98
2025-09-01,HOME101,Home Appliances,Kochi,High Street,12448.41,10,29000.35,No,135,Festival,210
2024-07-01,ELEC103,Electronics,Delhi,Neighbourhood,7469.74,10,7351.42,No,163,Monsoon,219
2024-09-01,FASH101,Fashion,Pune,Supermarket,1365.34,15,14111.07,No,419,Festival,552
2025-09-01,HOME101,Home Appliances,Kolkata,Supermarket,12038.9,10,24985.95,No,175,Festival,270
2025-05-01,CARE102,Personal Care,Bengaluru,Supermarket,642.21,10,24125.92,No,811,Summer,844
2023-01-01,FASH101,Fashion,Chennai,Neighbourhood,1430.69,10,21150.09,No,277,Winter,436
2023-08-01,CARE102,Personal Care,Hyderabad,Neighbourhood,555.12,15,8524.89,No,618,Monsoon,726
2025-03-01,ELEC104,Electronics,Delhi,High Street,3025.66,15,13033.82,No,197,Summer,273
2025-05-01,FASH102,Fashion,Chennai,Neighbourhood,2210.39,20,13178.82,No,339,Summer,402
2024-07-01,GROC103,Groceries,Kochi,High Street,72.75,10,4324.59,No,646,Monsoon,771
2024-05-01,CARE101,Personal Care,Chennai,Neighbourhood,308.39,5,12272.07,No,583,Summer,643
2023-10-01,CARE104,Personal Care,Pune,Mall,966.05,0,3649.04,No,607,Festival,556
2025-10-01,FASH104,Fashion,Mumbai,Neighbourhood,3132.17,15,26264.08,Yes,298,Festival,752
2023-11-01,ELEC101,Electronics,Hyderabad,Mall,15423.67,15,28892.12,Yes,183,Festival,462
2025-03-01,HOME101,Home Appliances,Chennai,Supermarket,12746.17,25,5153.61,No,148,Summer,178
2024-09-01,ELEC102,Electronics,Kolkata,Supermarket,27126.01,5,29317.9,No,225,Festival,306
2024-03-01,FASH102,Fashion,Mumbai,Mall,2004.82,10,17721.36,No,547,Summer,613
2023-04-01,GROC101,Groceries,Mumbai,High Street,123.9,10,4085.36,No,1282,Summer,1289
2024-09-01,GROC103,Groceries,Kochi,Supermarket,74.81,0,6221.09,No,735,Festival,726
2023-03-01,CARE104,Personal Care,Hyderabad,Supermarket,784.59,5,12577.43,No,625,Summer,621
2023-08-01,HOME104,Home Appliances,Hyderabad,High Street,5227.96,0,16147.4,No,173,Monsoon,168
2024-11-01,CARE101,Personal Care,Delhi,Supermarket,395.32,25,22896.66,No,845,Festival,1398
2023-11-01,GROC102,Groceries,Bengaluru,High Street,225.76,10,18985.74,Yes,1083,Festival,1641
2024-11-01,ELEC102,Electronics,Mumbai,Neighbourhood,24392.45,0,24999.5,No,150,Festival,325
2023-05-01,FASH102,Fashion,Bengaluru,High Street,1887.15,0,7125.76,No,449,Summer,470
2023-09-01,FASH103,Fashion,Delhi,Mall,936.33,0,21154.97,No,517,Festival,644
2025-09-01,ELEC103,Electronics,Pune,High Street,7980.66,20,25208.47,No,171,Festival,301
2023-07-01,GROC102,Groceries,Delhi,Mall,253.74,10,27207.7,No,1099,Monsoon,1151
2023-01-01,CARE104,Personal Care,Pune,High Street,765.06,10,24747.79,Yes,590,Winter,720
2024-08-01,FASH102,Fashion,Delhi,High Street,2398.41,5,29248.23,Yes,365,Monsoon,523
2023-04-01,CARE101,Personal Care,Hyderabad,Mall,382.47,0,17896.03,No,712,Summer,583
2023-11-01,HOME101,Home Appliances,Kolkata,Neighbourhood,13422.12,15,21883.23,No,93,Festival,216
2023-06-01,CARE102,Personal Care,Mumbai,High Street,574.05,20,25395.06,No,861,Monsoon,1056
2025-12-01,ELEC102,Electronics,Mumbai,Mall,21724.89,5,29620.97,Yes,268,Winter,470
2025-12-01,HOME104,Home Appliances,Pune,High Street,4574.4,10,16335.91,No,131,Winter,161
2024-02-01,ELEC104,Electronics,Bengaluru,High Street,3363.46,0,7090.03,No,191,Winter,220
2025-03-01,ELEC103,Electronics,Hyderabad,High Street,6944.2,10,29268.35,No,195,Summer,308
2025-07-01,FASH101,Fashion,Mumbai,Neighbourhood,1621.33,0,11643.38,No,393,Monsoon,380
2024-07-01,ELEC103,Electronics,Delhi,Neighbourhood,8438.79,10,27229.99,No,155,Monsoon,257
2023-01-01,FASH101,Fashion,Bengaluru,Mall,1433.61,0,23902.63,Yes,502,Winter,598
2025-06-01,CARE104,Personal Care,Pune,Mall,927.61,25,29431.43,No,662,Monsoon,785
2023-10-01,HOME103,Home Appliances,Kolkata,Supermarket,19984.08,20,3491.54,Yes,155,Festival,303
2025-11-01,HOME101,Home Appliances,Delhi,High Street,12152.62,5,8999.59,Yes,166,Festival,331
2024-10-01,GROC102,Groceries,Delhi,High Street,277.35,10,28002.2,Yes,865,Festival,1414
2023-03-01,FASH104,Fashion,Kochi,Supermarket,3393.44,10,29632.76,No,346,Summer,356
2025-11-01,FASH103,Fashion,Kochi,Supermarket,767.37,10,3046.57,Yes,285,Festival,423
2023-02-01,ELEC103,Electronics,Bengaluru,Neighbourhood,8810.33,0,26844.09,No,162,Winter,239
2023-04-01,HOME104,Home Appliances,Hyderabad,Neighbourhood,4393.39,5,14897.65,No,118,Summer,165
2025-11-01,GROC101,Groceries,Chennai,Neighbourhood,112.79,25,10802.76,No,639,Festival,1181
2025-01-01,FASH102,Fashion,Delhi,Mall,2008.22,15,28619.8,Yes,569,Winter,792
2024-10-01,CARE101,Personal Care,Delhi,Supermarket,370.18,15,16668.46,Yes,1032,Festival,1418
2024-05-01,HOME104,Home Appliances,Mumbai,Supermarket,5251.41,15,15135.4,No,204,Summer,245
2025-11-01,GROC101,Groceries,Hyderabad,Neighbourhood,131.29,15,3121.01,Yes,833,Festival,1317
2025-03-01,FASH102,Fashion,Kochi,High Street,2156.42,10,16451.72,No,373,Summer,353
2025-09-01,HOME101,Home Appliances,Chennai,Mall,11776.91,15,23951.3,No,165,Festival,294
2024-08-01,FASH104,Fashion,Delhi,High Street,3082.77,0,24858.7,No,405,Monsoon,438
2024-05-01,CARE104,Personal Care,Kolkata,High Street,910.52,10,20902.45,No,764,Summer,744
2023-01-01,FASH102,Fashion,Hyderabad,Supermarket,1894.8,10,16290.92,No,372,Winter,499
2023-10-01,HOME102,Home Appliances,Bengaluru,Neighbourhood,7193.73,5,6485.6,Yes,105,Festival,280
2024-07-01,ELEC103,Electronics,Chennai,High Street,8903.43,5,25766.38,No,231,Monsoon,232
2025-12-01,GROC102,Groceries,Pune,Mall,269.26,5,23931.35,Yes,1204,Winter,1126
2025-08-01,FASH104,Fashion,Chennai,Supermarket,3041.81,20,5577.49,No,410,Monsoon,390
2024-07-01,CARE103,Personal Care,Bengaluru,Neighbourhood,202.94,10,27850.16,No,534,Monsoon,616
2023-03-01,FASH104,Fashion,Kolkata,Neighbourhood,3325.52,0,16610.02,No,283,Summer,276
2024-05-01,GROC102,Groceries,Delhi,High Street,244.94,5,6295.18,No,880,Summer,935
2024-04-01,HOME101,Home Appliances,Delhi,Mall,12406.99,5,19963.55,No,197,Summer,240
2023-10-01,ELEC101,Electronics,Hyderabad,Supermarket,15837.09,15,13275.55,No,250,Festival,378
2023-12-01,CARE104,Personal Care,Kolkata,High Street,770.69,20,26183.54,No,632,Winter,866
2025-01-01,HOME102,Home Appliances,Mumbai,Mall,8256.88,5,15387.33,Yes,222,Winter,341
2025-02-01,FASH102,Fashion,Pune,Neighbourhood,2291.5,10,7618.62,No,313,Winter,256
2023-05-01,ELEC104,Electronics,Hyderabad,High Street,3992.46,15,23882.29,No,172,Summer,244
2024-06-01,FASH104,Fashion,Chennai,Mall,3589.72,5,18797.7,No,345,Monsoon,318
2023-02-01,CARE103,Personal Care,Delhi,Neighbourhood,183.27,20,13248.95,No,474,Winter,674
2024-11-01,FASH101,Fashion,Mumbai,Mall,1650.85,0,8662.95,Yes,572,Festival,735
2024-07-01,FASH101,Fashion,Chennai,Mall,1701.55,15,20238.9,No,453,Monsoon,430
2023-07-01,GROC104,Groceries,Chennai,Supermarket,420.58,0,21617.67,No,1299,Monsoon,998
2023-02-01,HOME102,Home Appliances,Delhi,Mall,8422.06,0,28335.1,No,133,Winter,210
2023-11-01,HOME102,Home Appliances,Kochi,Mall,7533.69,10,18723.77,Yes,139,Festival,255
2024-05-01,ELEC103,Electronics,Chennai,Mall,7374.72,10,26419.91,No,189,Summer,278
2023-07-01,GROC104,Groceries,Mumbai,Mall,484.36,15,7695.09,No,1282,Monsoon,1168
2024-11-01,ELEC104,Electronics,Chennai,Neighbourhood,3466.7,0,25347.12,Yes,118,Festival,332
2023-12-01,FASH103,Fashion,Kochi,Neighbourhood,869.43,10,23670.93,No,261,Winter,294
2023-08-01,ELEC101,Electronics,Mumbai,High Street,16394.52,0,6019.84,Yes,282,Monsoon,304
2025-12-01,ELEC103,Electronics,Kolkata,High Street,8218.37,5,5421.88,No,235,Winter,217
2025-11-01,HOME102,Home Appliances,Mumbai,Mall,6794.81,10,5765.25,Yes,211,Festival,409
2023-09-01,ELEC103,Electronics,Pune,Neighbourhood,7235.79,10,29033.95,No,142,Festival,286
2023-11-01,GROC104,Groceries,Delhi,Neighbourhood,502.01,10,9804.4,Yes,967,Festival,1458
2025-05-01,FASH104,Fashion,Chennai,Supermarket,3146.01,0,11787.58,No,326,Summer,271
2025-04-01,CARE101,Personal Care,Hyderabad,Neighbourhood,326.19,5,14042.64,No,600,Summer,709
2024-02-01,ELEC104,Electronics,Chennai,High Street,3369.16,5,26820.42,No,231,Winter,273
2024-01-01,CARE104,Personal Care,Kolkata,Supermarket,858.53,0,27275.4,No,596,Winter,719
2024-08-01,HOME103,Home Appliances,Kolkata,Neighbourhood,19560.63,20,11915.81,Yes,85,Monsoon,172
2024-04-01,HOME102,Home Appliances,Mumbai,Supermarket,8345.24,5,8648.03,No,199,Summer,203
2024-04-01,CARE102,Personal Care,Pune,High Street,575.28,15,13920.97,No,499,Summer,589
2023-10-01,FASH102,Fashion,Delhi,Neighbourhood,2115.15,25,25393.81,Yes,381,Festival,895
2023-03-01,CARE104,Personal Care,Hyderabad,Mall,798.48,5,27890.05,No,656,Summer,841
2023-09-01,CARE101,Personal Care,Kochi,Mall,347.02,10,10260.42,No,494,Festival,717
2023-11-01,CARE102,Personal Care,Bengaluru,Neighbourhood,734.36,0,27152.07,Yes,551,Festival,799
2025-10-01,ELEC101,Electronics,Kolkata,Mall,16125.39,15,5916.68,Yes,212,Festival,383
2025-10-01,CARE101,Personal Care,Kochi,High Street,330.2,0,24606.32,Yes,489,Festival,645
2024-04-01,CARE102,Personal Care,Bengaluru,Neighbourhood,637.08,0,15347.09,No,613,Summer,597
2023-09-01,ELEC104,Electronics,Delhi,Supermarket,3785.49,10,16949.67,No,268,Festival,416
2025-03-01,HOME102,Home Appliances,Chennai,Supermarket,7407.14,5,29501.62,No,132,Summer,191
2024-02-01,ELEC102,Electronics,Pune,Supermarket,28585.26,15,25407.9,No,221,Winter,253
2024-01-01,GROC103,Groceries,Mumbai,Mall,81.92,20,15004.35,No,1390,Winter,1662
2023-10-01,ELEC102,Electronics,Mumbai,Mall,24658.81,5,22290.11,Yes,209,Festival,436
2023-09-01,GROC103,Groceries,Pune,Mall,82.81,5,24043.24,No,1016,Festival,1158
2024-12-01,CARE101,Personal Care,Bengaluru,Supermarket,368.06,20,29209.66,Yes,890,Winter,1088
2024-01-01,HOME104,Home Appliances,Kolkata,Neighbourhood,4578.6,15,16454.77,No,120,Winter,186
2025-12-01,HOME102,Home Appliances,Kolkata,Neighbourhood,7792.92,15,24701.38,Yes,104,Winter,241
2024-01-01,HOME102,Home Appliances,Hyderabad,Supermarket,8033.53,25,18238.88,No,177,Winter,255
2023-07-01,CARE102,Personal Care,Kochi,High Street,614.03,20,8818.11,No,607,Monsoon,616
2024-09-01,ELEC104,Electronics,Hyderabad,Supermarket,3504.24,20,21453.22,No,236,Festival,387
2025-07-01,ELEC103,Electronics,Kolkata,High Street,7162.66,5,10822.38,No,163,Monsoon,185
2025-06-01,FASH103,Fashion,Delhi,Supermarket,877.2,5,13377.15,No,554,Monsoon,536
2025-09-01,FASH101,Fashion,Delhi,Neighbourhood,1583.8,25,3923.28,No,383,Festival,682
2023-09-01,GROC103,Groceries,Bengaluru,Neighbourhood,74.69,20,8497.27,No,737,Festival,1350
2024-02-01,CARE104,Personal Care,Delhi,Neighbourhood,785.38,15,4852.23,No,625,Winter,846
2025-05-01,HOME101,Home Appliances,Mumbai,Supermarket,13112.14,15,15218.41,No,187,Summer,234
2025-06-01,CARE104,Personal Care,Hyderabad,Neighbourhood,843.54,25,27921.02,No,498,Monsoon,738
2024-05-01,HOME101,Home Appliances,Kochi,Mall,12319.98,15,18559.58,No,99,Summer,142
2024-11-01,HOME101,Home Appliances,Chennai,High Street,11025.07,5,9746.11,Yes,142,Festival,275
2024-01-01,FASH102,Fashion,Bengaluru,High Street,2323.8,20,12614.86,Yes,363,Winter,592
2023-01-01,HOME104,Home Appliances,Kochi,Mall,5193.59,10,14306.37,Yes,97,Winter,192
2024-09-01,CARE103,Personal Care,Mumbai,High Street,173.97,10,16586.53,No,929,Festival,1297
2024-03-01,FASH104,Fashion,Kolkata,Mall,3202.06,0,26289.03,No,437,Summer,389
2024-05-01,CARE104,Personal Care,Kolkata,High Street,915.88,0,17703.45,No,581,Summer,564
2025-01-01,CARE102,Personal Care,Pune,High Street,700.86,5,15223.59,No,735,Winter,675
2023-01-01,FASH104,Fashion,Delhi,Supermarket,3244.99,5,29923.67,Yes,382,Winter,581
2023-10-01,GROC104,Groceries,Pune,Neighbourhood,409.23,20,27860.72,Yes,767,Festival,1253
2024-10-01,ELEC101,Electronics,Chennai,Mall,16225.73,0,29578.3,Yes,245,Festival,432
2025-09-01,FASH101,Fashion,Mumbai,Mall,1584.78,5,10354.38,No,563,Festival,719
2023-06-01,HOME104,Home Appliances,Kochi,Supermarket,5218.75,5,9243.4,No,160,Monsoon,120
2023-05-01,CARE103,Personal Care,Mumbai,Supermarket,185.89,20,24797.49,No,881,Summer,1141
2024-07-01,GROC103,Groceries,Mumbai,Supermarket,83.4,0,22358.38,No,1349,Monsoon,1170
2023-02-01,ELEC103,Electronics,Delhi,Supermarket,1958.2849999999999,10,23948.26,No,201,Winter,286
2023-04-01,FASH104,Fashion,Mumbai,Supermarket,3140.85,5,3455.3,No,416,Summer,466
2024-12-01,CARE101,Personal Care,Delhi,High Street,376.6,15,21788.32,Yes,751,Winter,1012
2025-08-01,HOME104,Home Appliances,Hyderabad,Supermarket,4667.49,5,7867.95,No,136,Monsoon,121
2025-01-01,HOME104,Home Appliances,Hyderabad,Neighbourhood,5082.04,5,6397.64,Yes,113,Winter,179
2023-06-01,GROC102,Groceries,Chennai,Mall,282.69,0,28803.05,No,1219,Monsoon,946
2023-07-01,FASH103,Fashion,Pune,Mall,916.34,5,26387.1,No,455,Monsoon,386
2025-12-01,ELEC102,Electronics,Mumbai,High Street,24887.04,0,15661.46,Yes,274,Winter,367
2025-05-01,CARE102,Personal Care,Bengaluru,Mall,586.88,5,14027.09,No,692,Summer,685
2025-07-01,ELEC104,Electronics,Bengaluru,High Street,3875.91,10,12244.31,No,191,Monsoon,202
2023-08-01,GROC104,Groceries,Mumbai,High Street,471.9,15,13898.16,Yes,1379,Monsoon,1431
2024-05-01,ELEC104,Electronics,Mumbai,Neighbourhood,3720.65,25,23565.4,No,210,Summer,338
2025-07-01,CARE102,Personal Care,Kochi,Supermarket,625.33,15,23057.71,No,659,Monsoon,512
2025-05-01,CARE102,Personal Care,Chennai,Supermarket,695.6,5,11917.22,No,634,Summer,491
2025-11-01,CARE103,Personal Care,Chennai,Supermarket,184.42,5,24225.12,Yes,627,Festival,845
2023-07-01,GROC103,Groceries,Bengaluru,Neighbourhood,86.43,5,18190.24,No,852,Monsoon,915
2025-01-01,CARE104,Personal Care,Mumbai,Supermarket,767.85,10,21184.95,Yes,941,Winter,1238
2024-09-01,HOME102,Home Appliances,Mumbai,High Street,8141.23,20,27072.68,No,168,Festival,341
2025-12-01,HOME102,Home Appliances,Pune,Supermarket,7473.49,5,13832.8,No,167,Winter,173
2023-11-01,ELEC101,Electronics,Bengaluru,Mall,16430.66,15,10905.31,Yes,209,Festival,460
2024-08-01,CARE104,Personal Care,Hyderabad,Mall,1023.98,25,3160.43,Yes,646,Monsoon,808
2024-07-01,FASH103,Fashion,Kolkata,Supermarket,890.21,20,5795.68,No,411,Monsoon,405
2024-01-01,ELEC102,Electronics,Pune,Neighbourhood,28704.98,0,17675.59,Yes,167,Winter,213
2025-02-01,ELEC103,Electronics,Pune,Neighbourhood,8040.84,0,8310.53,No,154,Winter,147
2025-10-01,GROC103,Groceries,Pune,Supermarket,81.58,25,6466.05,Yes,1104,Festival,1494
2024-02-01,FASH104,Fashion,Hyderabad,Supermarket,3100.09,10,28764.4,No,532,Winter,565
2025-10-01,ELEC104,Electronics,Hyderabad,Mall,3658.1,10,12615.76,No,264,Festival,368
2023-01-01,CARE102,Personal Care,Kolkata,Supermarket,619.65,25,20501.91,Yes,933,Winter,998
2023-10-01,HOME104,Home Appliances,Chennai,Neighbourhood,1958.2849999999999,5,13587.64,No,102,Festival,164
2024-08-01,CARE104,Personal Care,Chennai,Neighbourhood,994.6,25,4827.19,No,571,Monsoon,571
2024-05-01,HOME101,Home Appliances,Delhi,Supermarket,11571.4,0,14003.43,No,182,Summer,194
2025-12-01,FASH102,Fashion,Kochi,High Street,2230.67,0,12225.96,Yes,286,Winter,339
2025-01-01,ELEC101,Electronics,Kochi,Supermarket,18135.95,15,25537.92,Yes,162,Winter,251
2025-02-01,FASH103,Fashion,Delhi,Supermarket,1031.92,0,3598.48,No,413,Winter,373
2024-07-01,GROC103,Groceries,Kochi,High Street,83.46,10,27791.18,No,755,Monsoon,693
2024-11-01,GROC101,Groceries,Hyderabad,Supermarket,103.77,20,6682.41,Yes,1328,Festival,2030
2024-02-01,ELEC102,Electronics,Pune,High Street,27117.6,5,6984.06,No,177,Winter,154
2024-03-01,ELEC101,Electronics,Bengaluru,Supermarket,19781.77,15,8413.76,No,296,Summer,316
2025-04-01,ELEC103,Electronics,Kolkata,Mall,8373.34,25,9248.79,No,181,Summer,242
2025-09-01,ELEC104,Electronics,Chennai,Mall,3555.65,0,10719.77,No,179,Festival,225
2023-10-01,ELEC101,Electronics,Mumbai,High Street,15931.28,5,16472.66,No,244,Festival,388
2024-03-01,GROC103,Groceries,Kolkata,High Street,85.95,5,18034.01,No,1125,Summer,821
2025-06-01,FASH103,Fashion,Pune,Supermarket,895.36,10,12603.56,No,363,Monsoon,311
2024-01-01,HOME104,Home Appliances,Bengaluru,Supermarket,4353.4,10,26340.88,Yes,189,Winter,360
2023-03-01,CARE101,Personal Care,Chennai,Mall,335.87,10,17655.53,No,918,Summer,847
2024-02-01,HOME102,Home Appliances,Delhi,Mall,7141.72,10,15630.99,No,159,Winter,239
2023-10-01,HOME102,Home Appliances,Mumbai,Neighbourhood,7483.86,25,18467.38,Yes,149,Festival,413
2025-07-01,GROC101,Groceries,Delhi,Neighbourhood,131.43,0,12959.88,No,762,Monsoon,665
2024-01-01,GROC103,Groceries,Pune,High Street,89.84,10,24354.0,Yes,707,Winter,811
2025-10-01,FASH104,Fashion,Hyderabad,Neighbourhood,3365.51,10,16197.57,Yes,277,Festival,586
2023-02-01,GROC103,Groceries,Kochi,Neighbourhood,76.24,0,21552.31,No,611,Winter,609
2023-08-01,CARE103,Personal Care,Chennai,Mall,201.03,10,9340.69,Yes,780,Monsoon,614
2025-06-01,GROC101,Groceries,Chennai,Neighbourhood,115.65,15,15924.96,No,607,Monsoon,855
2025-01-01,ELEC104,Electronics,Mumbai,Mall,3034.8,0,13106.79,Yes,261,Winter,368
2023-09-01,ELEC104,Electronics,Kolkata,Supermarket,3924.53,0,24331.49,No,186,Festival,238
2024-10-01,HOME104,Home Appliances,Kochi,Neighbourhood,4645.27,0,27362.32,Yes,95,Festival,234
2023-06-01,GROC102,Groceries,Kolkata,Mall,249.17,10,20975.75,No,968,Monsoon,922
2023-02-01,GROC102,Groceries,Pune,Mall,282.91,15,14537.91,No,1118,Winter,1023
2025-05-01,ELEC104,Electronics,Chennai,Supermarket,3187.98,15,11239.58,No,215,Summer,233
2023-03-01,ELEC103,Electronics,Mumbai,High Street,8897.38,10,18404.93,No,269,Summer,312
2025-11-01,CARE102,Personal Care,Kolkata,Mall,646.54,0,4339.54,Yes,654,Festival,791
2025-01-01,CARE102,Personal Care,Pune,Neighbourhood,641.37,10,5044.97,Yes,520,Winter,670
2023-02-01,FASH102,Fashion,Kochi,Supermarket,1945.43,15,10859.13,No,290,Winter,363
2023-02-01,GROC102,Groceries,Mumbai,High Street,218.84,0,4194.6,No,1154,Winter,1279
2023-08-01,GROC103,Groceries,Chennai,Mall,91.7,10,22371.79,No,1071,Monsoon,706
2023-07-01,GROC102,Groceries,Mumbai,Mall,275.69,10,24748.58,No,1385,Monsoon,1446
2024-08-01,CARE103,Personal Care,Bengaluru,Mall,179.91,10,12912.08,No,693,Monsoon,675
2025-07-01,HOME104,Home Appliances,Delhi,Neighbourhood,5501.67,0,23318.0,No,120,Monsoon,164
2023-04-01,ELEC104,Electronics,Bengaluru,Supermarket,3961.16,5,24849.64,No,288,Summer,302
2025-11-01,ELEC101,Electronics,Kochi,Neighbourhood,16375.88,20,8438.99,Yes,151,Festival,299
2025-05-01,ELEC102,Electronics,Kolkata,Mall,25729.33,5,22367.33,No,201,Summer,224
2024-04-01,GROC101,Groceries,Bengaluru,Supermarket,124.19,0,21495.81,No,1054,Summer,1071
2024-05-01,ELEC101,Electronics,Chennai,Neighbourhood,16931.8,25,10493.28,No,170,Summer,224
2023-06-01,CARE103,Personal Care,Mumbai,Neighbourhood,186.19,5,17837.94,No,712,Monsoon,751
2025-10-01,HOME104,Home Appliances,Hyderabad,High Street,5030.56,5,26013.45,No,152,Festival,244
2025-10-01,ELEC102,Electronics,Pune,Neighbourhood,24493.63,5,14302.34,Yes,142,Festival,290
2023-08-01,CARE104,Personal Care,Kochi,Supermarket,995.81,0,3008.36,No,503,Monsoon,277
2025-10-01,FASH102,Fashion,Hyderabad,High Street,2451.3,5,17518.78,No,341,Festival,488
2024-08-01,ELEC103,Electronics,Pune,High Street,8621.82,5,24175.96,No,168,Monsoon,147
2024-10-01,CARE102,Personal Care,Kolkata,Supermarket,620.49,25,7853.17,Yes,859,Festival,1302
2024-03-01,CARE103,Personal Care,Chennai,Mall,158.17,0,4023.76,No,731,Summer,630
2023-03-01,FASH102,Fashion,Kochi,Supermarket,2302.09,25,15264.18,No,426,Summer,434
2024-05-01,GROC104,Groceries,Kochi,Neighbourhood,503.51,15,15107.24,No,660,Summer,598
2024-03-01,GROC101,Groceries,Kochi,Supermarket,114.49,20,5755.67,No,795,Summer,961
2023-07-01,CARE102,Personal Care,Kolkata,Neighbourhood,695.4,10,13618.66,No,577,Monsoon,606
2024-04-01,GROC103,Groceries,Kochi,Supermarket,79.01,15,8395.16,No,1060,Summer,855
2025-08-01,CARE103,Personal Care,Kolkata,Supermarket,190.59,20,9608.5,Yes,826,Monsoon,805
2025-10-01,HOME104,Home Appliances,Pune,Neighbourhood,4602.03,20,6063.43,Yes,104,Festival,264
2023-04-01,HOME101,Home Appliances,Kochi,High Street,11575.09,15,27608.59,No,103,Summer,155
2024-12-01,HOME102,Home Appliances,Pune,Mall,8203.85,20,18846.82,No,119,Winter,161
2025-12-01,CARE104,Personal Care,Bengaluru,Neighbourhood,799.47,10,24668.8,Yes,718,Winter,1046
2025-03-01,FASH104,Fashion,Hyderabad,Mall,3300.07,10,12157.47,No,380,Summer,396
2023-03-01,FASH102,Fashion,Kochi,Mall,2237.21,10,16338.74,No,326,Summer,288
2025-10-01,FASH102,Fashion,Chennai,Mall,1885.84,10,16353.83,Yes,500,Festival,687
2024-02-01,ELEC104,Electronics,Delhi,High Street,3506.21,25,4196.36,No,172,Winter,253
2025-02-01,HOME104,Home Appliances,Bengaluru,Neighbourhood,4780.1,15,19974.09,No,142,Winter,233
2024-07-01,ELEC103,Electronics,Delhi,Mall,8600.2,5,8520.19,No,267,Monsoon,252
2025-05-01,CARE103,Personal Care,Mumbai,High Street,179.26,10,22946.95,No,916,Summer,898
2025-10-01,GROC103,Groceries,Hyderabad,Neighbourhood,69.72,0,11776.39,Yes,667,Festival,1001
2025-08-01,CARE101,Personal Care,Kolkata,High Street,323.08,5,28838.36,Yes,521,Monsoon,609
2025-12-01,ELEC103,Electronics,Hyderabad,Neighbourhood,7430.78,10,18545.25,No,172,Winter,240
2025-05-01,CARE101,Personal Care,Kolkata,Mall,332.09,20,12939.61,No,575,Summer,658
2023-12-01,HOME102,Home Appliances,Bengaluru,Supermarket,6951.7,0,29284.69,Yes,185,Winter,341
2025-11-01,CARE101,Personal Care,Mumbai,High Street,319.58,5,6679.49,Yes,997,Festival,1450
2024-01-01,CARE103,Personal Care,Chennai,Supermarket,168.19,0,8509.86,No,617,Winter,571
2025-10-01,CARE101,Personal Care,Delhi,Mall,325.3,15,11391.38,Yes,766,Festival,1410
2024-04-01,HOME102,Home Appliances,Kolkata,High Street,7951.65,10,26101.86,No,134,Summer,180
2025-08-01,ELEC102,Electronics,Kochi,Mall,28424.59,5,23116.96,Yes,158,Monsoon,196
2023-07-01,CARE102,Personal Care,Chennai,High Street,566.87,10,16829.25,No,792,Monsoon,833
2023-07-01,FASH104,Fashion,Kochi,Supermarket,3173.37,0,3790.93,No,441,Monsoon,340
2023-02-01,FASH102,Fashion,Bengaluru,Neighbourhood,2271.49,20,21188.1,No,288,Winter,414
2025-01-01,CARE101,Personal Care,Kochi,High Street,399.17,25,16217.57,No,467,Winter,495
2023-06-01,ELEC103,Electronics,Bengaluru,High Street,8589.8,15,9843.67,No,258,Monsoon,248
2024-12-01,HOME104,Home Appliances,Kolkata,Mall,5708.44,20,13456.07,Yes,114,Winter,219
2025-05-01,HOME102,Home Appliances,Chennai,Mall,6958.85,0,21777.23,No,131,Summer,161
2024-06-01,ELEC104,Electronics,Kochi,Mall,3346.71,15,29911.61,No,170,Monsoon,226
2023-12-01,HOME101,Home Appliances,Kolkata,Mall,13675.58,20,14759.48,Yes,159,Winter,252
2023-12-01,FASH104,Fashion,Pune,Supermarket,3315.88,0,26816.31,Yes,409,Winter,437
2025-01-01,FASH101,Fashion,Bengaluru,Neighbourhood,1386.54,10,9573.03,No,363,Winter,476
2025-05-01,CARE102,Personal Care,Kolkata,Neighbourhood,668.59,5,21633.55,No,492,Summer,589
2025-04-01,FASH103,Fashion,Kochi,Mall,806.11,5,17252.6,No,358,Summer,308
2023-01-01,CARE101,Personal Care,Pune,High Street,381.36,10,4254.12,Yes,615,Winter,639
2025-11-01,HOME104,Home Appliances,Kolkata,Neighbourhood,5575.85,20,28300.48,Yes,93,Festival,319
2025-07-01,FASH104,Fashion,Delhi,Neighbourhood,3250.95,15,17493.92,No,366,Monsoon,445
2025-02-01,GROC103,Groceries,Bengaluru,Supermarket,89.78,25,4537.73,No,1059,Winter,1137
2023-10-01,ELEC102,Electronics,Mumbai,Mall,23855.0,10,15001.74,Yes,202,Festival,436
2025-02-01,ELEC101,Electronics,Kolkata,Supermarket,20569.49,20,18062.05,No,223,Winter,272
2025-03-01,FASH101,Fashion,Hyderabad,Mall,1364.03,5,17635.13,No,444,Summer,411
2025-08-01,HOME103,Home Appliances,Bengaluru,High Street,18737.93,20,9191.67,Yes,180,Monsoon,252
2023-08-01,ELEC102,Electronics,Bengaluru,Mall,23366.34,25,18534.99,Yes,245,Monsoon,398
2023-09-01,HOME102,Home Appliances,Mumbai,Neighbourhood,8156.37,0,26861.52,No,136,Festival,261
2023-10-01,ELEC104,Electronics,Bengaluru,Supermarket,3262.99,0,29728.53,No,298,Festival,442
2025-09-01,CARE101,Personal Care,Delhi,Supermarket,377.79,15,24019.89,No,1044,Festival,1449
2024-09-01,HOME101,Home Appliances,Hyderabad,Neighbourhood,10595.58,20,4065.62,No,114,Festival,215
2025-06-01,ELEC103,Electronics,Chennai,Mall,8179.53,10,7847.56,No,200,Monsoon,196
2025-02-01,FASH102,Fashion,Delhi,Supermarket,1970.3,20,4029.55,No,549,Winter,666
2024-08-01,ELEC104,Electronics,Delhi,Supermarket,3645.9,15,26731.62,No,300,Monsoon,356
2024-10-01,HOME103,Home Appliances,Kochi,Supermarket,15547.97,15,12146.1,Yes,105,Festival,240
2023-05-01,GROC101,Groceries,Delhi,High Street,113.69,0,11614.19,No,1253,Summer,1268
2025-08-01,HOME103,Home Appliances,Kochi,Neighbourhood,19523.85,5,28806.92,Yes,96,Monsoon,155
2025-02-01,GROC102,Groceries,Bengaluru,Neighbourhood,282.42,10,10334.19,No,928,Winter,1015
2023-11-01,CARE102,Personal Care,Kolkata,Supermarket,710.08,15,15522.26,Yes,837,Festival,1066
2025-10-01,FASH104,Fashion,Mumbai,Mall,3504.4,0,22871.85,No,418,Festival,602
2023-09-01,GROC103,Groceries,Mumbai,High Street,77.26,15,12171.32,No,1210,Festival,1750
2025-11-01,GROC104,Groceries,Pune,Supermarket,490.04,10,26259.01,No,930,Festival,1284
2024-12-01,CARE102,Personal Care,Mumbai,Mall,668.43,5,26864.15,No,1102,Winter,1143
2023-09-01,GROC101,Groceries,Pune,High Street,102.23,5,22084.8,No,1094,Festival,1361
2023-01-01,HOME104,Home Appliances,Chennai,Mall,4703.27,10,27011.85,No,139,Winter,200
2024-10-01,FASH101,Fashion,Pune,Neighbourhood,1416.64,10,29608.56,Yes,299,Festival,611
2025-08-01,CARE103,Personal Care,Kochi,Neighbourhood,206.08,10,4565.93,Yes,408,Monsoon,326
2023-07-01,HOME101,Home Appliances,Hyderabad,Neighbourhood,12899.56,5,28552.31,No,102,Monsoon,156
2025-11-01,HOME101,Home Appliances,Chennai,Neighbourhood,11687.93,15,14346.28,Yes,88,Festival,278
2025-09-01,FASH101,Fashion,Kochi,Mall,1468.05,5,6297.04,No,334,Festival,366
2023-02-01,HOME104,Home Appliances,Mumbai,Neighbourhood,5207.86,5,18923.4,No,102,Winter,168
2024-10-01,CARE102,Personal Care,Kochi,Mall,646.58,10,15399.41,No,490,Festival,648
2024-08-01,CARE104,Personal Care,Delhi,Neighbourhood,1006.9,20,9444.6,Yes,612,Monsoon,840
2025-01-01,CARE102,Personal Care,Bengaluru,High Street,662.47,15,13866.29,No,828,Winter,930
2025-07-01,ELEC101,Electronics,Delhi,High Street,20118.8,0,9653.73,No,174,Monsoon,189
2023-01-01,HOME101,Home Appliances,Kochi,Mall,13101.35,15,10017.74,Yes,137,Winter,199
2024-10-01,CARE104,Personal Care,Pune,Neighbourhood,1000.96,10,11824.86,Yes,387,Festival,696
2023-06-01,HOME104,Home Appliances,Mumbai,Neighbourhood,4826.07,20,19466.51,No,124,Monsoon,208
2024-05-01,GROC104,Groceries,Kolkata,High Street,473.47,5,4166.94,No,1104,Summer,935
2023-05-01,HOME102,Home Appliances,Delhi,High Street,8343.22,20,18694.08,No,163,Summer,240
2023-07-01,GROC104,Groceries,Hyderabad,High Street,496.35,0,18612.85,No,1186,Monsoon,930
2023-06-01,GROC104,Groceries,Mumbai,High Street,440.79,0,13320.91,No,1217,Monsoon,1109
2023-12-01,HOME103,Home Appliances,Pune,Mall,20440.63,10,11389.01,Yes,174,Winter,227
2023-03-01,CARE101,Personal Care,Kolkata,High Street,336.04,10,15715.84,No,785,Summer,730
2023-04-01,HOME103,Home Appliances,Delhi,Supermarket,16460.44,5,6144.49,No,219,Summer,225
2025-12-01,GROC103,Groceries,Pune,Neighbourhood,81.13,20,15981.1,No,759,Winter,984
2023-07-01,HOME104,Home Appliances,Mumbai,Mall,5079.77,10,28423.23,No,217,Monsoon,281
2025-07-01,HOME101,Home Appliances,Kochi,Neighbourhood,13208.07,15,18603.49,No,67,Monsoon,104
2024-03-01,HOME102,Home Appliances,Chennai,Supermarket,7111.5,5,29604.66,No,145,Summer,206
2025-08-01,CARE102,Personal Care,Kochi,Supermarket,570.33,10,7314.21,Yes,548,Monsoon,644
2023-09-01,FASH102,Fashion,Delhi,High Street,2442.98,5,5817.05,No,325,Festival,416
2024-03-01,ELEC102,Electronics,Bengaluru,Neighbourhood,21564.54,20,13680.72,No,206,Summer,298
2025-01-01,GROC103,Groceries,Hyderabad,Mall,69.16,20,16633.94,No,1110,Winter,1343
2023-10-01,CARE102,Personal Care,Kochi,Mall,643.43,0,14777.6,No,675,Festival,685
2025-12-01,CARE103,Personal Care,Kochi,Neighbourhood,155.85,15,7867.33,Yes,473,Winter,656
2025-09-01,FASH103,Fashion,Kolkata,High Street,927.48,10,29963.49,No,312,Festival,442
2025-09-01,ELEC101,Electronics,Delhi,Neighbourhood,17208.56,5,8773.55,No,176,Festival,291
2025-08-01,GROC103,Groceries,Delhi,Mall,87.55,10,14424.19,No,1211,Monsoon,1128
2024-05-01,HOME104,Home Appliances,Mumbai,Neighbourhood,5159.19,0,16207.86,No,99,Summer,178
2025-12-01,ELEC101,Electronics,Bengaluru,Neighbourhood,19742.34,5,20507.45,Yes,194,Winter,305
2023-12-01,CARE101,Personal Care,Kolkata,Mall,299.68,0,13679.1,No,886,Winter,612
2023-07-01,GROC101,Groceries,Delhi,Supermarket,102.89,5,23372.57,No,1048,Monsoon,1191
2024-12-01,GROC103,Groceries,Bengaluru,High Street,79.24,15,153837.5455,Yes,1196,Winter,1546
2024-05-01,HOME103,Home Appliances,Kolkata,Neighbourhood,20465.83,10,23322.14,No,86,Summer,143
2023-07-01,GROC104,Groceries,Kochi,Mall,422.61,5,18584.46,No,899,Monsoon,820
2024-05-01,GROC102,Groceries,Kolkata,Neighbourhood,1958.2849999999999,15,24130.76,No,778,Summer,977
2024-10-01,ELEC101,Electronics,Hyderabad,Mall,16103.2,0,18573.32,No,171,Festival,303
2025-06-01,HOME102,Home Appliances,Bengaluru,Neighbourhood,8043.14,10,11865.65,No,119,Monsoon,152
2023-06-01,FASH101,Fashion,Kolkata,Neighbourhood,1435.46,20,9280.86,No,297,Monsoon,379
2025-07-01,CARE101,Personal Care,Hyderabad,High Street,381.45,10,16649.61,No,672,Monsoon,663
2025-03-01,ELEC101,Electronics,Delhi,Mall,16383.59,15,24419.59,No,235,Summer,345
2024-11-01,FASH101,Fashion,Mumbai,Neighbourhood,1373.21,20,17158.14,No,270,Festival,612
2023-06-01,FASH103,Fashion,Mumbai,Supermarket,949.11,10,20114.03,No,485,Monsoon,529
2024-04-01,CARE103,Personal Care,Kochi,Supermarket,202.79,0,7782.15,No,672,Summer,387
2025-04-01,CARE102,Personal Care,Bengaluru,Mall,624.42,10,8537.2,No,950,Summer,1004
2023-10-01,HOME102,Home Appliances,Pune,Supermarket,6608.85,0,14143.35,No,140,Festival,211
2025-02-01,FASH102,Fashion,Delhi,High Street,2109.46,10,19553.91,No,515,Winter,585
2023-12-01,HOME104,Home Appliances,Kolkata,Mall,4392.34,10,19185.47,Yes,133,Winter,253
2024-05-01,FASH101,Fashion,Kochi,Neighbourhood,1672.17,15,29115.87,No,230,Summer,262
2025-09-01,FASH103,Fashion,Kolkata,High Street,904.82,25,25461.63,No,414,Festival,734
2024-07-01,ELEC102,Electronics,Kolkata,Neighbourhood,27380.86,10,8573.95,No,145,Monsoon,155
2024-12-01,GROC104,Groceries,Delhi,Mall,398.92,0,23879.63,Yes,1470,Winter,1603
2023-04-01,ELEC101,Electronics,Mumbai,Supermarket,16392.32,0,11367.36,No,290,Summer,297
2023-05-01,GROC104,Groceries,Pune,High Street,486.31,0,6815.5,No,1070,Summer,806
2023-01-01,ELEC102,Electronics,Kolkata,Neighbourhood,26546.71,25,29835.62,No,110,Winter,247
2025-07-01,GROC102,Groceries,Pune,Mall,232.64,5,14647.95,No,923,Monsoon,903
2025-03-01,CARE103,Personal Care,Pune,Supermarket,183.61,5,24793.42,No,763,Summer,688
2024-08-01,HOME104,Home Appliances,Kochi,High Street,5252.73,10,28336.96,No,131,Monsoon,167
2023-05-01,HOME102,Home Appliances,Pune,High Street,8557.07,20,12216.03,No,148,Summer,165
2025-08-01,GROC103,Groceries,Hyderabad,Mall,83.88,15,4857.08,Yes,1323,Monsoon,1182
2023-08-01,FASH103,Fashion,Chennai,High Street,836.05,25,15679.98,No,290,Monsoon,434
2023-07-01,CARE104,Personal Care,Delhi,Neighbourhood,775.58,20,16910.88,No,475,Monsoon,773
2025-11-01,FASH102,Fashion,Pune,Supermarket,2462.35,10,16711.95,No,494,Festival,563
2024-12-01,FASH102,Fashion,Bengaluru,Supermarket,1978.12,5,4083.99,Yes,471,Winter,552
2024-09-01,GROC103,Groceries,Chennai,Supermarket,78.64,25,28594.94,No,882,Festival,1426
2023-01-01,FASH103,Fashion,Kolkata,Supermarket,786.28,25,12423.51,No,332,Winter,497
2024-03-01,ELEC102,Electronics,Delhi,Supermarket,27922.01,5,27615.44,No,268,Summer,313
2024-03-01,FASH101,Fashion,Bengaluru,Supermarket,1590.28,5,9053.15,No,512,Summer,490
2023-03-01,GROC104,Groceries,Chennai,Supermarket,493.99,0,16357.53,No,997,Summer,775
2023-11-01,GROC104,Groceries,Kolkata,Neighbourhood,497.35,25,10954.69,Yes,646,Festival,1279
2023-07-01,ELEC103,Electronics,Delhi,High Street,7012.11,0,25832.36,No,239,Monsoon,287
2023-10-01,HOME102,Home Appliances,Pune,Neighbourhood,7901.72,20,27005.02,Yes,118,Festival,316
2025-10-01,ELEC102,Electronics,Delhi,Supermarket,27227.31,20,19451.03,Yes,228,Festival,517
2023-10-01,HOME104,Home Appliances,Kolkata,Supermarket,4678.19,15,11037.14,Yes,118,Festival,278
2025-12-01,CARE101,Personal Care,Pune,High Street,385.17,10,11173.57,No,740,Winter,711
2024-10-01,GROC103,Groceries,Kolkata,High Street,82.11,25,16763.78,Yes,810,Festival,1407
2024-07-01,CARE101,Personal Care,Kochi,High Street,327.42,5,20474.65,No,481,Monsoon,475
2025-06-01,HOME101,Home Appliances,Delhi,Neighbourhood,12239.76,10,3606.07,No,152,Monsoon,158
2023-10-01,FASH101,Fashion,Pune,Neighbourhood,1706.02,10,23186.4,No,246,Festival,380
2024-08-01,ELEC102,Electronics,Kochi,Supermarket,23024.92,10,6871.14,Yes,205,Monsoon,221
2023-09-01,GROC101,Groceries,Bengaluru,Mall,126.36,15,21029.25,No,902,Festival,1516
2025-04-01,CARE101,Personal Care,Kochi,Supermarket,342.04,25,10827.18,No,673,Summer,693
2023-09-01,CARE103,Personal Care,Bengaluru,Mall,197.9,0,25939.5,No,916,Festival,1165
2025-06-01,FASH104,Fashion,Mumbai,Neighbourhood,3515.55,15,23140.77,No,357,Monsoon,478
2023-09-01,FASH104,Fashion,Chennai,High Street,2986.93,0,3047.61,No,297,Festival,363
2025-05-01,HOME101,Home Appliances,Delhi,Neighbourhood,12738.16,15,11697.57,No,112,Summer,185
2023-05-01,ELEC104,Electronics,Pune,Mall,3566.43,25,21870.37,No,226,Summer,278
2025-03-01,FASH102,Fashion,Kolkata,Neighbourhood,2430.52,15,116696.9659,No,312,Summer,345
2025-06-01,FASH103,Fashion,Delhi,Supermarket,958.01,5,12895.96,No,428,Monsoon,382
2025-03-01,HOME103,Home Appliances,Hyderabad,Supermarket,17605.55,0,4068.42,No,201,Summer,158
2023-02-01,FASH103,Fashion,Chennai,Supermarket,882.0,10,29000.47,No,397,Winter,475
2023-06-01,CARE104,Personal Care,Chennai,High Street,849.4,10,23566.46,No,795,Monsoon,763
2024-08-01,HOME103,Home Appliances,Mumbai,Neighbourhood,16747.99,5,11922.09,Yes,97,Monsoon,217
2025-12-01,CARE102,Personal Care,Pune,Mall,607.89,10,3703.5,No,847,Winter,762
2025-04-01,HOME103,Home Appliances,Hyderabad,Supermarket,18638.28,5,26710.89,No,159,Summer,199
2023-01-01,CARE102,Personal Care,Pune,Mall,568.16,10,21754.8,Yes,579,Winter,779
2025-04-01,HOME101,Home Appliances,Hyderabad,Supermarket,10813.19,20,18170.08,No,129,Summer,217
2023-11-01,GROC101,Groceries,Mumbai,Neighbourhood,132.73,20,21979.63,Yes,654,Festival,1478
2023-10-01,ELEC102,Electronics,Chennai,High Street,22940.45,5,16656.89,Yes,142,Festival,347
2023-03-01,ELEC102,Electronics,Pune,Supermarket,21974.99,10,12049.13,No,205,Summer,212
2023-08-01,GROC104,Groceries,Mumbai,High Street,495.38,10,16475.25,No,1222,Monsoon,1225
2023-03-01,ELEC102,Electronics,Delhi,Supermarket,24943.17,10,26121.54,No,257,Summer,314
2025-03-01,HOME103,Home Appliances,Pune,Mall,19346.67,15,14771.17,No,114,Summer,138
2025-06-01,HOME102,Home Appliances,Delhi,High Street,7350.17,10,16391.39,No,200,Monsoon,242
2024-06-01,GROC104,Groceries,Delhi,Mall,418.28,10,3993.3,No,1413,Monsoon,1265
2024-01-01,ELEC102,Electronics,Chennai,Mall,26692.49,10,19112.97,Yes,160,Winter,259
2025-09-01,CARE103,Personal Care,Hyderabad,Neighbourhood,175.33,15,18319.78,No,557,Festival,996
2024-06-01,HOME103,Home Appliances,Unknown,High Street,17379.68,10,3095.82,No,173,Monsoon,184
2023-06-01,ELEC104,Electronics,Kochi,Neighbourhood,3490.47,5,8139.51,No,113,Monsoon,107
2024-04-01,HOME103,Home Appliances,Hyderabad,High Street,16722.81,0,8396.23,No,108,Summer,137
2023-05-01,ELEC102,Electronics,Delhi,Mall,24548.26,15,21827.8,No,260,Summer,356
2023-10-01,HOME102,Home Appliances,Chennai,Neighbourhood,6977.99,0,13615.78,Yes,89,Festival,240
2023-06-01,GROC101,Groceries,Kochi,High Street,107.03,5,5030.64,No,620,Monsoon,688
2025-05-01,ELEC104,Electronics,Bengaluru,Mall,3189.01,5,11763.24,No,179,Summer,214
2025-10-01,ELEC101,Electronics,Hyderabad,Neighbourhood,17111.78,0,6789.23,Yes,117,Festival,275
2025-01-01,GROC102,Groceries,Pune,Mall,259.19,15,15851.54,No,853,Winter,960
2024-09-01,HOME104,Home Appliances,Mumbai,Mall,4462.04,10,14801.41,No,144,Festival,283
2024-08-01,HOME101,Home Appliances,Hyderabad,Supermarket,12673.83,10,17564.47,Yes,128,Monsoon,235
2023-08-01,CARE103,Personal Care,Bengaluru,Supermarket,157.13,5,27837.34,Yes,850,Monsoon,893
2025-08-01,HOME104,Home Appliances,Bengaluru,High Street,5557.31,0,22729.84,Yes,157,Monsoon,248
2023-05-01,GROC103,Groceries,Pune,Supermarket,82.4,25,3896.3,No,811,Summer,896
2024-08-01,FASH104,Fashion,Hyderabad,Supermarket,3233.35,25,21730.6,No,363,Monsoon,458
2024-04-01,HOME103,Home Appliances,Hyderabad,Supermarket,20605.45,10,7231.02,No,167,Summer,156
2023-08-01,GROC101,Groceries,Chennai,Mall,104.34,10,13480.36,Yes,895,Monsoon,956
2024-08-01,FASH104,Fashion,Pune,Supermarket,3032.62,25,29555.14,Yes,319,Monsoon,490
2024-04-01,CARE103,Personal Care,Kochi,Supermarket,172.44,0,27016.23,No,726,Summer,586
2023-01-01,HOME102,Home Appliances,Bengaluru,High Street,7053.47,20,15260.06,Yes,184,Winter,321
2024-06-01,HOME102,Home Appliances,Delhi,Supermarket,8195.62,10,18849.12,No,196,Monsoon,239
2024-05-01,GROC102,Groceries,Bengaluru,Neighbourhood,258.22,0,21406.87,No,830,Summer,849
2023-12-01,ELEC102,Electronics,Hyderabad,Neighbourhood,21814.43,10,17720.7,No,184,Winter,264
2025-01-01,GROC102,Groceries,Delhi,High Street,243.25,10,25639.03,Yes,1145,Winter,1549
2024-05-01,FASH102,Fashion,Mumbai,Mall,2390.99,20,22232.82,No,419,Summer,594
2024-08-01,ELEC104,Electronics,Pune,Supermarket,3970.78,20,12753.74,Yes,233,Monsoon,286
2025-08-01,FASH104,Fashion,Chennai,High Street,3480.89,15,16340.71,No,375,Monsoon,346
2023-06-01,GROC103,Groceries,Chennai,High Street,86.49,0,4107.13,No,1100,Monsoon,752
2024-08-01,ELEC104,Electronics,Kochi,High Street,3067.88,10,22696.6,Yes,173,Monsoon,247
2024-06-01,HOME103,Home Appliances,Kolkata,Neighbourhood,18591.01,0,6366.13,No,82,Monsoon,88
2024-06-01,GROC102,Groceries,Bengaluru,Neighbourhood,255.22,25,9349.56,No,970,Monsoon,1246
2023-05-01,CARE102,Personal Care,Delhi,Supermarket,623.17,10,20320.16,No,815,Summer,972
2024-01-01,GROC101,Groceries,Chennai,Supermarket,103.06,20,12799.45,No,1249,Winter,1383
2023-08-01,ELEC101,Electronics,Bengaluru,High Street,17414.65,0,5020.76,Yes,208,Monsoon,264
2024-01-01,FASH103,Fashion,Kochi,Neighbourhood,898.62,15,3487.8,Yes,277,Winter,325
2024-08-01,GROC104,Groceries,Chennai,High Street,507.7,25,1958.2849999999999,Yes,1039,Monsoon,1016
2025-06-01,HOME102,Home Appliances,Chennai,Neighbourhood,7492.97,15,15470.34,No,111,Monsoon,132
2023-02-01,GROC102,Groceries,Delhi,High Street,233.4,20,17111.37,No,1028,Winter,1283
2025-10-01,GROC104,Groceries,Kochi,Supermarket,384.1,20,4655.67,No,817,Festival,1130
2025-09-01,ELEC104,Electronics,Bengaluru,Mall,3939.88,0,5189.02,No,287,Festival,328
2025-11-01,FASH104,Fashion,Hyderabad,Supermarket,2890.69,20,26268.19,Yes,524,Festival,884
2025-01-01,GROC101,Groceries,Kochi,Supermarket,133.57,15,13288.68,Yes,1088,Winter,892
2025-10-01,FASH101,Fashion,Mumbai,High Street,1388.77,10,12479.06,No,541,Festival,784
2025-04-01,CARE102,Personal Care,Kolkata,Mall,723.73,0,24845.33,No,772,Summer,621
2025-08-01,FASH101,Fashion,Chennai,Neighbourhood,1628.18,20,6027.07,Yes,318,Monsoon,406
2024-09-01,ELEC101,Electronics,Hyderabad,High Street,19266.26,0,26354.15,No,202,Festival,299
2024-02-01,HOME104,Home Appliances,Delhi,Supermarket,5570.99,15,10050.44,No,146,Winter,201
2024-09-01,HOME102,Home Appliances,Kolkata,Mall,7757.48,10,15964.68,No,156,Festival,228
2023-03-01,GROC103,Groceries,Kochi,High Street,80.22,5,22141.83,No,831,Summer,732
2025-09-01,HOME102,Home Appliances,Hyderabad,High Street,7172.91,20,4242.89,No,178,Festival,270
2025-04-01,ELEC104,Electronics,Delhi,Neighbourhood,4016.85,10,26115.88,No,153,Summer,237
2023-09-01,CARE101,Personal Care,Mumbai,Neighbourhood,375.21,15,25418.79,No,730,Festival,1101
2024-04-01,HOME104,Home Appliances,Mumbai,Neighbourhood,5402.41,0,13827.27,No,144,Summer,179
2025-11-01,GROC103,Groceries,Delhi,Mall,87.39,10,9941.29,Yes,1123,Festival,1655
2025-01-01,FASH101,Fashion,Kochi,High Street,1528.7,25,25260.46,No,367,Winter,413
2024-04-01,CARE104,Personal Care,Hyderabad,Neighbourhood,771.76,20,15102.45,No,576,Summer,793
2025-10-01,FASH104,Fashion,Bengaluru,Supermarket,3325.89,0,6327.65,Yes,520,Festival,657
2025-09-01,GROC102,Groceries,Hyderabad,Neighbourhood,273.52,20,29295.94,No,721,Festival,1282
2025-08-01,CARE101,Personal Care,Kochi,Neighbourhood,383.12,15,10221.3,Yes,477,Monsoon,390
2025-09-01,FASH102,Fashion,Delhi,Mall,2111.28,25,13156.91,No,532,Festival,880
2024-01-01,GROC102,Groceries,Kolkata,Supermarket,216.52,5,14589.91,No,1196,Winter,1161
2025-05-01,FASH104,Fashion,Kolkata,Neighbourhood,3563.06,10,19984.54,No,241,Summer,297
2024-10-01,GROC101,Groceries,Delhi,Neighbourhood,121.86,25,21912.89,Yes,869,Festival,1726
2024-07-01,FASH104,Fashion,Bengaluru,Neighbourhood,3334.11,10,14007.12,No,350,Monsoon,381
2023-07-01,ELEC102,Electronics,Kochi,High Street,26736.44,5,18621.54,No,139,Monsoon,135
2023-08-01,ELEC104,Electronics,Mumbai,High Street,3308.87,10,17213.17,No,257,Monsoon,279
2025-04-01,FASH104,Fashion,Kolkata,Supermarket,2862.47,10,21352.13,No,337,Summer,413
2023-10-01,FASH102,Fashion,Delhi,Neighbourhood,2452.19,15,5380.86,Yes,313,Festival,638
2025-01-01,GROC101,Groceries,Kochi,High Street,135.66,0,10985.84,Yes,616,Winter,564
2025-04-01,FASH104,Fashion,Kolkata,Supermarket,2788.39,0,26002.13,No,477,Summer,431
2025-11-01,FASH101,Fashion,Pune,Mall,1297.01,0,13678.96,No,431,Festival,575
2024-07-01,FASH101,Fashion,Kolkata,Mall,1594.52,15,22899.5,No,322,Monsoon,381
2024-05-01,CARE102,Personal Care,Chennai,Supermarket,629.38,10,11280.2,No,743,Summer,637
2023-02-01,GROC104,Groceries,Chennai,Mall,470.27,20,18391.02,No,1140,Winter,1345
2024-09-01,HOME104,Home Appliances,Chennai,High Street,4296.74,5,10325.72,No,117,Festival,190
2023-04-01,ELEC101,Electronics,Bengaluru,Neighbourhood,16100.16,10,4283.79,No,177,Summer,216
2024-05-01,FASH101,Fashion,Kolkata,Supermarket,1581.96,0,23291.08,No,353,Summer,306
2025-07-01,FASH102,Fashion,Kochi,Supermarket,2081.74,0,5424.53,No,338,Monsoon,263
2024-04-01,FASH103,Fashion,Mumbai,High Street,953.08,15,28291.27,No,383,Summer,536
2023-12-01,CARE103,Personal Care,Chennai,Supermarket,200.32,15,10349.91,Yes,947,Winter,860
2023-10-01,FASH102,Fashion,Hyderabad,Supermarket,1885.88,10,9847.74,Yes,548,Festival,798
2025-01-01,FASH104,Fashion,Bengaluru,Supermarket,3638.82,15,21656.3,No,471,Winter,542
2025-02-01,FASH103,Fashion,Hyderabad,Neighbourhood,836.49,15,14019.38,No,307,Winter,430
2023-04-01,CARE102,Personal Care,Bengaluru,Neighbourhood,724.42,10,15121.02,No,466,Summer,553
2023-04-01,HOME104,Home Appliances,Delhi,High Street,5108.83,20,15970.73,No,129,Summer,217
2023-03-01,CARE104,Personal Care,Chennai,Supermarket,787.21,10,27084.69,No,923,Summer,956
2023-12-01,CARE104,Personal Care,Hyderabad,Mall,940.43,15,27332.64,No,956,Winter,913
2025-03-01,CARE101,Personal Care,Kochi,High Street,349.87,5,28232.34,No,478,Summer,541
2025-07-01,FASH104,Fashion,Mumbai,Mall,3077.53,5,5998.25,No,596,Monsoon,520
2024-01-01,HOME103,Home Appliances,Kochi,Neighbourhood,17923.11,10,11191.84,Yes,88,Winter,168
2025-12-01,CARE104,Personal Care,Bengaluru,Neighbourhood,901.57,5,23263.9,Yes,457,Winter,775
2023-06-01,FASH102,Fashion,Pune,Mall,2254.52,0,20279.97,No,286,Monsoon,258
2024-11-01,HOME104,Home Appliances,Kochi,Supermarket,4951.04,25,22539.34,Yes,128,Festival,297
2024-09-01,ELEC102,Electronics,Kolkata,Neighbourhood,28634.03,25,5564.39,No,132,Festival,202
2023-04-01,CARE101,Personal Care,Chennai,Mall,354.19,10,22176.85,No,679,Summer,739
2025-07-01,CARE104,Personal Care,Kochi,Neighbourhood,1002.44,0,21924.55,No,424,Monsoon,302
2024-09-01,CARE101,Personal Care,Hyderabad,Supermarket,369.13,15,14870.86,No,1017,Festival,1182
2023-08-01,HOME104,Home Appliances,Kochi,Mall,5284.82,10,18329.55,Yes,147,Monsoon,188
2023-09-01,FASH102,Fashion,Kochi,High Street,1909.23,20,13845.13,No,388,Festival,544
2025-05-01,FASH104,Fashion,Delhi,Neighbourhood,3073.28,20,21106.36,No,285,Summer,554
2023-11-01,CARE101,Personal Care,Pune,Mall,399.41,0,6498.62,Yes,695,Festival,657
2025-11-01,CARE101,Personal Care,Chennai,Neighbourhood,335.83,5,8792.96,Yes,563,Festival,894
2024-06-01,ELEC103,Electronics,Chennai,Supermarket,6925.18,10,5680.92,No,237,Monsoon,250
2024-09-01,CARE104,Personal Care,Mumbai,Supermarket,863.4,15,6969.81,No,865,Festival,1257
2025-05-01,HOME102,Home Appliances,Delhi,Supermarket,6968.91,15,4793.03,No,139,Summer,183
2025-05-01,ELEC103,Electronics,Pune,Mall,7497.21,0,20812.02,No,157,Summer,197
2023-12-01,FASH103,Fashion,Hyderabad,Supermarket,783.15,0,21125.91,Yes,513,Winter,610
2023-05-01,GROC103,Groceries,Chennai,Mall,72.22,10,15742.25,No,897,Summer,923
2025-08-01,HOME102,Home Appliances,Pune,High Street,6724.58,15,14188.35,Yes,147,Monsoon,235
2023-09-01,FASH103,Fashion,Mumbai,High Street,1021.67,15,6701.01,No,443,Festival,683
2023-02-01,ELEC103,Electronics,Delhi,Mall,8185.11,20,9009.79,No,188,Winter,262
2024-12-01,CARE104,Personal Care,Hyderabad,High Street,1023.55,0,6990.17,No,765,Winter,624
2024-10-01,HOME103,Home Appliances,Mumbai,High Street,15760.35,5,17434.54,No,165,Festival,286
2024-05-01,FASH101,Fashion,Bengaluru,Neighbourhood,1618.93,10,13664.32,No,346,Summer,432
2024-09-01,HOME103,Home Appliances,Bengaluru,Mall,19039.21,5,24053.55,No,149,Festival,265
2023-06-01,HOME102,Home Appliances,Delhi,Neighbourhood,8127.97,15,16525.09,No,114,Monsoon,165
2024-05-01,FASH101,Fashion,Pune,Supermarket,1368.64,15,13373.11,No,407,Summer,414
2025-07-01,ELEC103,Electronics,Kochi,Supermarket,6872.67,0,11115.22,No,210,Monsoon,209
2024-10-01,FASH101,Fashion,Mumbai,Neighbourhood,1622.5,20,28016.73,Yes,357,Festival,793
2024-01-01,ELEC101,Electronics,Kolkata,Mall,20228.89,10,19434.15,Yes,167,Winter,249
2023-11-01,ELEC103,Electronics,Bengaluru,High Street,8354.61,20,22174.63,Yes,265,Festival,543
2024-03-01,FASH101,Fashion,Pune,Neighbourhood,1319.76,10,20794.68,No,274,Summer,393
2025-02-01,HOME101,Home Appliances,Mumbai,Mall,11323.2,10,27881.23,No,182,Winter,282
2024-10-01,FASH104,Fashion,Kochi,Supermarket,3513.9,5,3258.17,No,369,Festival,352
2024-04-01,ELEC104,Electronics,Mumbai,Supermarket,3656.55,10,11295.54,No,242,Summer,268
2025-01-01,HOME104,Home Appliances,Kolkata,Mall,4575.92,20,25437.18,No,184,Winter,260
2024-05-01,GROC102,Groceries,Chennai,Neighbourhood,231.04,20,27418.93,No,867,Summer,1038
2024-05-01,ELEC101,Electronics,Bengaluru,Neighbourhood,15306.71,15,23671.56,No,185,Summer,303
2024-04-01,ELEC101,Electronics,Kochi,Neighbourhood,16759.11,20,23651.27,No,103,Summer,198
2023-11-01,FASH103,Fashion,Chennai,Mall,886.49,5,7243.4,Yes,435,Festival,588
2023-06-01,CARE104,Personal Care,Mumbai,Supermarket,1021.26,15,11885.64,No,1026,Monsoon,965
2025-05-01,FASH101,Fashion,Kolkata,Supermarket,1711.35,20,10700.29,No,343,Summer,399
2023-09-01,GROC104,Groceries,Mumbai,Mall,441.0,10,27444.47,No,1289,Festival,1740
2025-06-01,HOME101,Home Appliances,Delhi,Supermarket,13780.78,15,20794.62,No,211,Monsoon,249
2024-02-01,GROC101,Groceries,Bengaluru,Mall,129.86,5,15251.22,No,1417,Winter,1333
2024-11-01,GROC103,Groceries,Chennai,High Street,83.99,10,29126.88,Yes,803,Festival,1117
2025-05-01,HOME101,Home Appliances,Pune,Neighbourhood,12971.49,10,17801.83,No,100,Summer,133
2024-05-01,GROC103,Groceries,Delhi,Neighbourhood,91.98,10,14767.36,No,700,Summer,765
2025-06-01,ELEC101,Electronics,Pune,High Street,20459.6,10,11462.09,No,215,Monsoon,171
2023-03-01,ELEC102,Electronics,Hyderabad,Mall,23732.53,10,22240.77,No,218,Summer,261
2023-12-01,FASH104,Fashion,Mumbai,Neighbourhood,3022.71,5,27377.71,Yes,344,Winter,533
2023-07-01,CARE103,Personal Care,Bengaluru,Supermarket,192.46,5,5401.25,No,829,Monsoon,777
2023-01-01,ELEC103,Electronics,Delhi,High Street,8436.04,10,28226.91,No,239,Winter,331
2025-03-01,CARE104,Personal Care,Kolkata,Mall,901.9,15,7049.22,No,683,Summer,665
2025-04-01,CARE103,Personal Care,Hyderabad,Neighbourhood,190.38,15,15401.22,No,446,Summer,533
2025-10-01,ELEC103,Electronics,Delhi,Mall,7952.46,0,10236.89,Yes,226,Festival,383
2023-11-01,CARE104,Personal Care,Mumbai,Neighbourhood,963.76,5,17790.29,Yes,495,Festival,932
2023-12-01,CARE103,Personal Care,Chennai,High Street,158.53,10,20352.75,Yes,727,Winter,849
2023-07-01,ELEC104,Electronics,Mumbai,Supermarket,3678.89,15,10473.78,No,227,Monsoon,290
2025-12-01,FASH103,Fashion,Bengaluru,High Street,929.19,5,19848.77,Yes,419,Winter,539
2023-12-01,FASH101,Fashion,Kochi,Neighbourhood,1714.01,5,22614.57,No,214,Winter,242
2025-02-01,FASH101,Fashion,Hyderabad,Supermarket,1508.0,15,20755.66,No,443,Winter,544
2023-10-01,ELEC102,Electronics,Kolkata,Supermarket,27485.32,10,16235.44,Yes,216,Festival,375
2024-01-01,CARE103,Personal Care,Chennai,Supermarket,186.68,15,25657.67,No,818,Winter,819
2025-08-01,FASH102,Fashion,Bengaluru,Neighbourhood,1889.57,0,19348.58,Yes,333,Monsoon,469
2025-10-01,HOME103,Home Appliances,Pune,High Street,18031.5,5,29082.33,No,141,Festival,234
2024-09-01,ELEC102,Electronics,Mumbai,Supermarket,28502.41,5,23714.49,No,322,Festival,460
2025-11-01,HOME103,Home Appliances,Chennai,High Street,17448.2,10,26271.57,Yes,120,Festival,320
2023-02-01,ELEC101,Electronics,Bengaluru,High Street,19902.47,15,17465.51,No,199,Winter,264
2025-07-01,FASH101,Fashion,Mumbai,High Street,1438.47,0,28826.83,No,547,Monsoon,575
2024-09-01,GROC101,Groceries,Pune,Mall,130.76,20,29508.05,No,1133,Festival,1446
2025-12-01,FASH102,Fashion,Bengaluru,Neighbourhood,2090.0,15,28748.98,Yes,344,Winter,560
2023-05-01,ELEC102,Electronics,Bengaluru,Neighbourhood,26221.28,5,29865.84,No,126,Summer,208
2024-12-01,HOME101,Home Appliances,Bengaluru,Supermarket,10573.73,10,26150.84,Yes,203,Winter,357
2025-05-01,FASH101,Fashion,Hyderabad,Neighbourhood,1383.84,0,14636.21,No,269,Summer,319
2025-01-01,CARE101,Personal Care,Pune,Mall,359.96,20,24180.46,No,735,Winter,832
2024-02-01,CARE101,Personal Care,Mumbai,Neighbourhood,388.42,10,5410.73,No,724,Winter,786
2023-11-01,FASH102,Fashion,Hyderabad,Neighbourhood,2380.62,20,9353.04,Yes,277,Festival,538
2023-12-01,FASH104,Fashion,Kochi,Neighbourhood,2830.29,25,18679.57,No,284,Winter,444
2024-02-01,GROC103,Groceries,Hyderabad,Neighbourhood,83.09,20,22719.98,No,706,Winter,1015
2023-03-01,CARE102,Personal Care,Bengaluru,Neighbourhood,601.69,25,4917.75,No,595,Summer,888
2024-10-01,CARE104,Personal Care,Kochi,High Street,1026.55,0,16627.94,Yes,485,Festival,508
2025-05-01,ELEC101,Electronics,Bengaluru,Mall,18770.25,20,27030.2,No,242,Summer,349
2023-12-01,ELEC104,Electronics,Kochi,Mall,3970.2,10,9740.55,No,215,Winter,171
2024-11-01,CARE103,Personal Care,Kochi,Mall,194.9,20,20012.53,No,694,Festival,839
2023-01-01,FASH102,Fashion,Chennai,Supermarket,2077.94,25,14580.94,Yes,436,Winter,570
2025-08-01,GROC102,Groceries,Kochi,Neighbourhood,255.65,5,19175.74,Yes,513,Monsoon,377
2025-09-01,HOME103,Home Appliances,Delhi,Mall,15866.95,20,29749.78,No,158,Festival,384
2025-08-01,CARE102,Personal Care,Pune,High Street,586.99,15,9851.22,Yes,573,Monsoon,656
2023-01-01,HOME103,Home Appliances,Delhi,High Street,15914.31,10,15878.13,Yes,160,Winter,307
2024-03-01,CARE101,Personal Care,Kochi,Mall,397.1,0,8766.2,No,735,Summer,425
2023-01-01,FASH102,Fashion,Hyderabad,Mall,2243.49,10,5855.84,Yes,335,Winter,395
2024-11-01,GROC104,Groceries,Pune,Supermarket,459.97,15,8244.39,Yes,1157,Festival,1458
2025-05-01,CARE103,Personal Care,Kolkata,Mall,191.28,10,8909.45,No,845,Summer,718
2023-06-01,GROC103,Groceries,Delhi,Supermarket,84.3,10,5569.43,No,1217,Monsoon,1153
2025-12-01,HOME103,Home Appliances,Hyderabad,High Street,20542.58,10,6500.56,No,157,Winter,166
2024-10-01,GROC104,Groceries,Kochi,Supermarket,389.18,10,26801.45,Yes,1081,Festival,1400
2024-03-01,CARE101,Personal Care,Hyderabad,Supermarket,338.14,20,29691.03,No,926,Summer,1061
2024-11-01,FASH103,Fashion,Kochi,Neighbourhood,938.89,20,22252.06,Yes,178,Festival,438
2023-02-01,FASH101,Fashion,Delhi,Neighbourhood,1662.16,15,6787.24,No,318,Winter,425
2025-08-01,ELEC104,Electronics,Bengaluru,Supermarket,3528.4,20,25944.66,Yes,214,Monsoon,358
2023-11-01,ELEC102,Electronics,Bengaluru,Supermarket,27689.84,0,7234.42,No,224,Festival,254
2023-07-01,FASH101,Fashion,Delhi,Neighbourhood,1564.79,15,10591.09,No,410,Monsoon,467
2025-05-01,FASH104,Fashion,Bengaluru,Supermarket,3580.58,0,18807.69,No,587,Summer,493
2025-08-01,HOME103,Home Appliances,Chennai,Neighbourhood,15999.76,10,3056.18,No,106,Monsoon,122
2024-01-01,HOME104,Home Appliances,Chennai,High Street,4586.74,5,28603.25,No,168,Winter,232
2024-08-01,HOME103,Home Appliances,Kolkata,Mall,20410.11,25,29270.14,No,112,Monsoon,178
2025-06-01,GROC102,Groceries,Bengaluru,Mall,263.02,25,4859.15,No,962,Monsoon,1242
2025-03-01,HOME104,Home Appliances,Hyderabad,Supermarket,5007.82,15,3811.95,No,202,Summer,198
2023-06-01,HOME103,Home Appliances,Pune,Supermarket,18985.89,15,5504.08,No,178,Monsoon,176
2023-10-01,GROC104,Groceries,Kochi,Mall,470.94,15,7458.78,No,863,Festival,1062
2023-04-01,HOME103,Home Appliances,Kochi,Mall,20144.52,0,8409.91,No,114,Summer,86
2024-01-01,HOME104,Home Appliances,Delhi,Neighbourhood,4412.22,10,20712.39,No,101,Winter,191
2023-11-01,HOME102,Home Appliances,Bengaluru,Mall,8583.49,0,19869.6,Yes,161,Festival,344
2025-03-01,FASH103,Fashion,Bengaluru,Mall,839.52,10,7861.35,No,475,Summer,509
2024-02-01,GROC101,Groceries,Kochi,High Street,123.45,20,28089.72,No,781,Winter,887
2023-11-01,GROC103,Groceries,Kolkata,Supermarket,77.08,15,19911.87,Yes,1143,Festival,1627
2024-06-01,ELEC104,Electronics,Bengaluru,Supermarket,3156.62,20,27917.58,No,251,Monsoon,377
2025-06-01,GROC103,Groceries,Pune,Mall,88.06,15,7974.19,No,1039,Monsoon,824
2023-11-01,ELEC101,Electronics,Hyderabad,Supermarket,19534.11,15,3582.93,Yes,177,Festival,337
2024-06-01,ELEC102,Electronics,Delhi,High Street,23206.69,15,22687.5,No,247,Monsoon,351
2024-01-01,FASH103,Fashion,Bengaluru,Mall,1034.65,20,27821.06,No,535,Winter,629
2024-03-01,CARE102,Personal Care,Kochi,Neighbourhood,662.02,10,22756.43,No,515,Summer,549
2023-10-01,FASH103,Fashion,Chennai,High Street,917.88,10,23278.97,Yes,432,Festival,707
2023-06-01,HOME102,Home Appliances,Mumbai,Mall,6497.1,10,17873.56,No,198,Monsoon,255
2023-06-01,GROC103,Groceries,Mumbai,Neighbourhood,75.97,5,27232.14,No,843,Monsoon,939
2024-01-01,FASH101,Fashion,Bengaluru,Mall,1707.89,15,10987.98,Yes,463,Winter,546
2025-07-01,GROC101,Groceries,Bengaluru,Neighbourhood,122.29,5,1958.2849999999999,No,820,Monsoon,872
2024-04-01,FASH104,Fashion,Mumbai,Mall,3235.59,0,19988.91,No,602,Summer,614
2025-06-01,ELEC104,Electronics,Bengaluru,Mall,3349.92,0,26155.67,No,183,Monsoon,245
2023-09-01,FASH102,Fashion,Kochi,Neighbourhood,2321.0,10,17141.37,No,260,Festival,347
2025-12-01,GROC103,Groceries,Delhi,Mall,79.87,15,29767.24,Yes,1059,Winter,1407
2024-04-01,CARE103,Personal Care,Chennai,Mall,175.02,0,14245.24,No,921,Summer,833
2025-09-01,ELEC103,Electronics,Delhi,Neighbourhood,8897.71,5,22767.23,No,190,Festival,346
2025-06-01,GROC103,Groceries,Pune,Supermarket,71.63,25,16438.64,No,1067,Monsoon,1224
2023-08-01,ELEC103,Electronics,Bengaluru,Supermarket,7666.4,10,25434.38,No,302,Monsoon,333
2024-02-01,CARE102,Personal Care,Chennai,Mall,618.32,5,13301.55,No,924,Winter,871
2023-03-01,CARE102,Personal Care,Pune,Mall,721.39,5,12660.49,No,708,Summer,557
2024-05-01,ELEC101,Electronics,Kolkata,Neighbourhood,16611.24,15,16603.14,No,166,Summer,216
2024-04-01,ELEC102,Electronics,Pune,Supermarket,27259.84,15,24231.83,No,173,Summer,211
2024-03-01,GROC104,Groceries,Delhi,Supermarket,517.13,15,3824.63,No,1013,Summer,1074
2025-09-01,GROC104,Groceries,Pune,High Street,505.49,20,7553.03,No,702,Festival,986
2023-07-01,CARE101,Personal Care,Bengaluru,Neighbourhood,337.39,5,28869.07,No,467,Monsoon,574
2025-04-01,FASH104,Fashion,Mumbai,Neighbourhood,2956.64,10,16806.6,No,316,Summer,481
2024-10-01,HOME102,Home Appliances,Kochi,Neighbourhood,7376.17,20,16706.82,Yes,86,Festival,244
2025-01-01,GROC104,Groceries,Kolkata,Mall,488.59,10,23764.66,Yes,968,Winter,1035
2023-07-01,CARE102,Personal Care,Bengaluru,Mall,642.36,5,15925.44,No,721,Monsoon,732
2025-10-01,HOME104,Home Appliances,Chennai,Mall,4390.8,0,6981.71,Yes,179,Festival,300
2024-10-01,CARE101,Personal Care,Delhi,Mall,394.59,15,17544.09,No,716,Festival,948
2024-05-01,GROC104,Groceries,Bengaluru,Supermarket,394.08,25,11841.86,No,1207,Summer,1522
2025-04-01,GROC101,Groceries,Pune,Mall,127.56,0,26890.4,No,990,Summer,688
2025-04-01,HOME104,Home Appliances,Pune,Supermarket,5590.22,15,16313.04,No,137,Summer,160
2023-06-01,GROC101,Groceries,Mumbai,High Street,126.56,5,18489.36,No,1405,Monsoon,1203
2025-02-01,FASH103,Fashion,Pune,Neighbourhood,841.16,20,26896.45,No,252,Winter,448
2025-02-01,CARE101,Personal Care,Chennai,Supermarket,336.52,25,3871.93,No,758,Winter,978
2025-10-01,ELEC104,Electronics,Bengaluru,Supermarket,3648.45,5,21150.51,No,203,Festival,338
2025-08-01,GROC101,Groceries,Delhi,Mall,120.4,0,9470.61,No,1515,Monsoon,1218
2024-09-01,GROC104,Groceries,Chennai,High Street,403.41,10,19538.04,No,1180,Festival,1570
2023-11-01,FASH102,Fashion,Delhi,Supermarket,2445.2,25,15753.68,Yes,547,Festival,918
2025-07-01,ELEC104,Electronics,Hyderabad,Supermarket,2981.45,5,20032.76,No,239,Monsoon,259
2024-05-01,CARE104,Personal Care,Chennai,High Street,950.04,20,14164.26,No,635,Summer,765
2024-09-01,CARE103,Personal Care,Mumbai,Mall,204.84,15,4539.47,No,690,Festival,1096
2024-06-01,CARE103,Personal Care,Kolkata,Neighbourhood,179.01,10,23283.22,No,463,Monsoon,500
2023-11-01,GROC101,Groceries,Bengaluru,Supermarket,110.34,0,14599.24,No,1013,Festival,1349
2023-07-01,CARE104,Personal Care,Chennai,Neighbourhood,898.8,25,21744.06,No,408,Monsoon,601
2024-03-01,ELEC102,Electronics,Pune,High Street,24845.66,20,10053.52,No,146,Summer,212
2025-10-01,FASH103,Fashion,Bengaluru,High Street,895.11,10,29404.86,No,413,Festival,658
2025-02-01,GROC102,Groceries,Kolkata,Mall,266.42,5,16232.45,No,1164,Winter,1050
2025-01-01,FASH103,Fashion,Kolkata,Neighbourhood,919.44,20,23346.8,No,231,Winter,380
2025-07-01,ELEC102,Electronics,Chennai,High Street,24761.92,5,24050.33,No,230,Monsoon,208
2023-08-01,CARE103,Personal Care,Kochi,Mall,178.72,25,7377.83,Yes,562,Monsoon,674
2024-12-01,ELEC101,Electronics,Bengaluru,High Street,19603.76,5,24556.7,No,220,Winter,283
2023-11-01,FASH103,Fashion,Delhi,Supermarket,816.76,10,27887.13,Yes,552,Festival,865
2025-01-01,FASH101,Fashion,Pune,High Street,1457.49,0,9134.96,Yes,417,Winter,378
2023-05-01,GROC103,Groceries,Pune,Supermarket,89.61,10,14018.72,No,1183,Summer,1058
2024-03-01,FASH102,Fashion,Pune,Mall,2321.88,10,15116.0,No,451,Summer,380
2023-08-01,HOME101,Home Appliances,Hyderabad,Mall,11570.41,0,19229.62,Yes,155,Monsoon,227
2024-02-01,GROC103,Groceries,Hyderabad,High Street,71.26,15,10832.63,No,908,Winter,1143
2023-06-01,GROC104,Groceries,Delhi,Mall,403.31,0,25559.5,No,1333,Monsoon,1324
2024-10-01,HOME103,Home Appliances,Mumbai,Supermarket,20601.11,10,28501.9,Yes,231,Festival,474
2025-07-01,ELEC104,Electronics,Mumbai,Mall,3254.46,15,6495.5,No,258,Monsoon,308
2023-05-01,HOME102,Home Appliances,Kochi,High Street,8240.77,10,19200.12,No,122,Summer,119
2025-04-01,FASH104,Fashion,Bengaluru,Neighbourhood,3105.71,0,5854.85,No,245,Summer,291
2024-09-01,HOME102,Home Appliances,Kolkata,Supermarket,7115.04,20,29039.79,No,130,Festival,271
2024-02-01,HOME103,Home Appliances,Mumbai,Supermarket,17986.02,10,14799.65,No,177,Winter,274
2025-04-01,ELEC101,Electronics,Kochi,Supermarket,17452.24,0,5214.71,No,186,Summer,144
2025-07-01,HOME102,Home Appliances,Pune,High Street,8559.73,15,20164.89,No,159,Monsoon,168
2024-05-01,HOME104,Home Appliances,Delhi,High Street,4722.77,15,22298.77,No,199,Summer,276
2024-09-01,FASH102,Fashion,Bengaluru,Supermarket,2130.4,5,5708.63,No,546,Festival,704
2025-08-01,GROC103,Groceries,Hyderabad,Mall,88.41,0,9524.22,Yes,1187,Monsoon,889
2025-11-01,ELEC101,Electronics,Kolkata,High Street,15395.23,5,17923.06,Yes,182,Festival,353
2023-12-01,ELEC102,Electronics,Kolkata,High Street,27312.45,10,23223.22,Yes,223,Winter,319
2024-09-01,HOME101,Home Appliances,Kochi,High Street,11057.47,10,18018.42,No,107,Festival,183
2025-12-01,CARE104,Personal Care,Kolkata,Mall,843.98,20,17608.91,Yes,850,Winter,1086
2023-06-01,CARE102,Personal Care,Kochi,Supermarket,726.88,10,21371.22,No,625,Monsoon,501
2025-06-01,HOME101,Home Appliances,Pune,High Street,12795.78,20,24629.05,No,158,Monsoon,193
2024-02-01,FASH104,Fashion,Mumbai,Supermarket,2873.19,10,26990.89,No,627,Winter,785
2025-04-01,HOME104,Home Appliances,Pune,Mall,4904.09,10,28620.21,No,131,Summer,191
2025-03-01,FASH103,Fashion,Hyderabad,Mall,921.33,5,19263.79,No,441,Summer,434
2025-04-01,CARE101,Personal Care,Chennai,Supermarket,335.41,15,17735.99,No,840,Summer,803
2023-10-01,CARE101,Personal Care,Kolkata,High Street,319.66,0,3172.18,No,677,Festival,785
2023-03-01,GROC102,Groceries,Pune,Mall,231.04,20,25290.67,No,890,Summer,1064
2024-06-01,FASH101,Fashion,Pune,High Street,1635.34,0,25393.92,No,417,Monsoon,319
2025-04-01,FASH102,Fashion,Kochi,Supermarket,2357.92,0,24702.18,No,439,Summer,315
2023-12-01,FASH104,Fashion,Kolkata,High Street,2818.34,10,22163.72,Yes,291,Winter,457
2025-05-01,FASH102,Fashion,Delhi,Neighbourhood,2104.17,5,18649.97,No,368,Summer,474
2024-07-01,CARE104,Personal Care,Pune,Neighbourhood,873.58,20,25157.82,No,596,Monsoon,672
2023-06-01,FASH104,Fashion,Hyderabad,High Street,3064.24,20,7527.97,No,307,Monsoon,374
2024-08-01,FASH103,Fashion,Delhi,Neighbourhood,909.89,10,10547.25,Yes,327,Monsoon,498
2024-07-01,FASH101,Fashion,Kochi,Mall,1634.53,10,19079.82,No,344,Monsoon,206
2023-11-01,CARE103,Personal Care,Chennai,High Street,190.23,5,27380.37,Yes,541,Festival,768
2023-05-01,HOME104,Home Appliances,Hyderabad,Supermarket,5536.95,5,19318.88,No,136,Summer,173
2025-12-01,GROC101,Groceries,Chennai,Neighbourhood,107.56,5,17412.92,No,646,Winter,866
2024-02-01,HOME104,Home Appliances,Mumbai,High Street,5673.2,5,18513.61,No,185,Winter,242
2025-03-01,ELEC101,Electronics,Kochi,High Street,20584.8,0,17136.27,No,124,Summer,106
2024-10-01,ELEC103,Electronics,Pune,Mall,8314.54,15,23441.59,Yes,212,Festival,400
2024-02-01,FASH103,Fashion,Chennai,Neighbourhood,1006.9,15,10636.19,No,236,Winter,312
2024-05-01,GROC103,Groceries,Mumbai,Neighbourhood,71.58,10,3597.76,No,742,Summer,1027
2024-10-01,GROC101,Groceries,Kochi,Mall,131.26,0,18650.03,Yes,1053,Festival,1038
2025-09-01,GROC101,Groceries,Hyderabad,Neighbourhood,120.58,5,27576.13,No,583,Festival,1017
2023-04-01,HOME102,Home Appliances,Mumbai,Supermarket,7853.28,15,27177.52,No,225,Summer,308
2024-04-01,GROC103,Groceries,Kolkata,Neighbourhood,78.24,20,10922.09,No,770,Summer,901
2023-01-01,HOME101,Home Appliances,Unknown,High Street,13373.46,15,4892.31,Yes,179,Winter,289
2025-01-01,ELEC101,Electronics,Chennai,Supermarket,15754.75,15,17172.04,Yes,169,Winter,295
2024-11-01,GROC103,Groceries,Pune,Neighbourhood,90.75,25,4892.65,Yes,527,Festival,985
2024-07-01,ELEC101,Electronics,Chennai,Neighbourhood,15588.66,20,11326.51,No,128,Monsoon,210
2024-08-01,GROC102,Groceries,Hyderabad,Mall,261.4,20,15377.17,No,1266,Monsoon,1350
2025-06-01,HOME101,Home Appliances,Delhi,Supermarket,12995.51,0,28615.14,No,183,Monsoon,222
2025-02-01,HOME104,Home Appliances,Hyderabad,Mall,4528.58,10,21773.32,No,123,Winter,212
2025-05-01,FASH103,Fashion,Kochi,High Street,896.71,5,27447.45,No,315,Summer,272
2023-04-01,CARE101,Personal Care,Pune,Supermarket,381.99,5,7693.84,No,738,Summer,629
2024-06-01,GROC103,Groceries,Pune,High Street,89.22,10,5103.13,No,698,Monsoon,701
2024-09-01,FASH102,Fashion,Mumbai,Mall,2516.67,0,12950.3,No,530,Festival,646
2025-06-01,FASH101,Fashion,Pune,Mall,1397.51,5,15265.23,No,441,Monsoon,390
2025-07-01,GROC103,Groceries,Hyderabad,Supermarket,91.46,10,4545.11,No,1184,Monsoon,907
2023-08-01,FASH104,Fashion,Bengaluru,High Street,3595.55,15,29252.88,Yes,366,Monsoon,513
2024-01-01,ELEC101,Electronics,Chennai,Mall,18583.97,0,20335.54,No,193,Winter,213
2025-09-01,FASH103,Fashion,Hyderabad,Supermarket,908.14,10,27334.18,No,471,Festival,693
2025-11-01,ELEC101,Electronics,Pune,Supermarket,18169.64,20,19294.48,Yes,185,Festival,354
2025-03-01,GROC103,Groceries,Hyderabad,High Street,70.92,10,3066.65,No,1199,Summer,1076
2024-10-01,HOME104,Home Appliances,Unknown,Neighbourhood,5485.88,5,7865.22,Yes,90,Festival,214
2025-06-01,FASH102,Fashion,Bengaluru,Neighbourhood,2449.02,0,25587.2,No,289,Monsoon,315
2025-01-01,GROC102,Groceries,Hyderabad,Supermarket,257.92,15,9552.13,Yes,982,Winter,1121
2025-01-01,HOME104,Home Appliances,Hyderabad,Supermarket,5530.1,15,20071.53,Yes,193,Winter,308
2023-12-01,CARE101,Personal Care,Pune,High Street,388.41,20,17101.03,No,507,Winter,634
2023-05-01,HOME103,Home Appliances,Kolkata,Neighbourhood,20685.66,10,24245.74,No,92,Summer,136
2024-07-01,CARE104,Personal Care,Mumbai,Supermarket,840.12,10,13906.83,No,1079,Monsoon,1117
2025-03-01,ELEC101,Electronics,Chennai,High Street,19820.74,20,21395.59,No,199,Summer,260
2023-02-01,HOME104,Home Appliances,Pune,Mall,5313.1,0,17562.57,No,167,Winter,175
2023-08-01,HOME102,Home Appliances,Mumbai,Mall,8603.53,10,15073.38,No,202,Monsoon,203
2024-06-01,CARE103,Personal Care,Pune,Neighbourhood,172.4,25,3097.31,No,563,Monsoon,636
2023-11-01,ELEC104,Electronics,Kolkata,High Street,3465.61,15,8156.18,Yes,175,Festival,350
2025-07-01,FASH103,Fashion,Mumbai,Supermarket,892.24,15,3049.41,No,463,Monsoon,488
2025-09-01,ELEC102,Electronics,Bengaluru,Neighbourhood,24560.49,5,4700.4,No,196,Festival,296
2024-11-01,GROC101,Groceries,Pune,Mall,102.15,0,28403.14,No,775,Festival,928
2023-09-01,CARE103,Personal Care,Mumbai,Neighbourhood,166.62,10,29552.21,No,562,Festival,1089
2023-02-01,ELEC103,Electronics,Delhi,Neighbourhood,9049.86,20,10478.04,No,155,Winter,237
2023-03-01,ELEC104,Electronics,Kolkata,High Street,3428.52,10,18033.32,No,196,Summer,217
2025-12-01,ELEC102,Electronics,Pune,High Street,23503.97,10,10968.4,Yes,190,Winter,273
2023-12-01,FASH101,Fashion,Mumbai,Mall,1603.64,10,13759.17,Yes,417,Winter,571
2025-04-01,HOME104,Home Appliances,Delhi,Supermarket,5355.13,10,12425.81,No,224,Summer,235
2023-10-01,HOME101,Home Appliances,Hyderabad,Neighbourhood,12574.64,5,11913.45,No,95,Festival,184
2025-12-01,HOME102,Home Appliances,Kolkata,Supermarket,8161.36,5,28600.4,No,142,Winter,206
2023-12-01,FASH102,Fashion,Kolkata,Supermarket,2433.33,15,15599.24,No,334,Winter,372
2024-01-01,GROC104,Groceries,Hyderabad,Supermarket,464.78,10,11006.43,No,944,Winter,932
2024-06-01,HOME104,Home Appliances,Kochi,Mall,4470.8,0,16738.18,No,153,Monsoon,130
2024-12-01,GROC104,Groceries,Mumbai,Supermarket,506.56,5,26336.94,No,1268,Winter,1337
2023-02-01,GROC101,Groceries,Chennai,Mall,125.73,20,22779.01,No,796,Winter,986
2025-02-01,CARE101,Personal Care,Delhi,Mall,394.97,20,9424.28,No,1034,Winter,1185
2023-11-01,FASH103,Fashion,Bengaluru,Supermarket,993.22,5,5372.12,No,479,Festival,631
2023-04-01,HOME104,Home Appliances,Kolkata,Neighbourhood,5427.49,15,9200.41,No,128,Summer,163
2023-07-01,CARE104,Personal Care,Chennai,Mall,843.22,10,14689.57,No,743,Monsoon,749
2025-08-01,GROC103,Groceries,Kochi,Neighbourhood,77.27,0,20549.21,No,536,Monsoon,492
2024-01-01,HOME102,Home Appliances,Hyderabad,Neighbourhood,8305.76,15,7368.84,No,135,Winter,156
2024-07-01,HOME104,Home Appliances,Mumbai,High Street,5398.38,0,25111.61,No,133,Monsoon,184
2025-05-01,FASH101,Fashion,Kolkata,High Street,1355.38,15,5864.83,No,346,Summer,423
2024-03-01,HOME104,Home Appliances,Bengaluru,High Street,5211.04,15,4692.15,No,193,Summer,207
2025-02-01,GROC103,Groceries,Mumbai,Supermarket,85.47,0,21464.21,No,1234,Winter,1179
2023-07-01,GROC104,Groceries,Bengaluru,High Street,486.83,10,13904.86,No,1186,Monsoon,1214
2024-07-01,HOME103,Home Appliances,Chennai,Supermarket,18478.18,5,6698.31,No,160,Monsoon,142
2023-01-01,CARE102,Personal Care,Mumbai,Neighbourhood,685.91,10,4200.33,Yes,606,Winter,839
2024-02-01,CARE103,Personal Care,Bengaluru,Mall,177.42,5,26896.74,No,793,Winter,891
2025-09-01,FASH101,Fashion,Kochi,Supermarket,1621.91,5,7503.94,No,410,Festival,443
2025-01-01,CARE103,Personal Care,Hyderabad,Neighbourhood,198.96,25,11521.17,No,597,Winter,774
2024-03-01,FASH104,Fashion,Kolkata,Mall,3516.5,0,20430.49,No,375,Summer,351
2023-02-01,ELEC104,Electronics,Kochi,Mall,4002.26,5,14808.8,No,173,Winter,152
2025-04-01,FASH102,Fashion,Kochi,Neighbourhood,2127.01,15,3785.37,No,289,Summer,320
2025-11-01,GROC103,Groceries,Chennai,Mall,75.27,5,18003.81,No,1206,Festival,1433
2025-02-01,CARE101,Personal Care,Hyderabad,Mall,377.87,10,5200.8,No,604,Winter,701
2025-05-01,ELEC104,Electronics,Bengaluru,Mall,2995.42,10,7647.7,No,266,Summer,288
2023-09-01,FASH103,Fashion,Kochi,Mall,823.37,10,11370.0,No,421,Festival,542
2023-04-01,GROC104,Groceries,Kolkata,Supermarket,405.61,15,20029.32,No,1131,Summer,1140
2023-01-01,GROC101,Groceries,Kochi,Supermarket,103.43,10,10358.83,Yes,907,Winter,832
2025-12-01,CARE102,Personal Care,Kochi,High Street,617.29,10,28578.14,No,720,Winter,705
2023-04-01,CARE102,Personal Care,Hyderabad,Mall,582.7,5,12463.77,No,899,Summer,861
2024-01-01,FASH102,Fashion,Kochi,Supermarket,2038.56,10,14761.73,Yes,285,Winter,351
2023-08-01,FASH101,Fashion,Pune,Supermarket,1552.14,0,29928.65,Yes,425,Monsoon,446
2025-05-01,FASH102,Fashion,Delhi,Supermarket,2203.32,25,15740.61,No,482,Summer,553
2024-08-01,HOME102,Home Appliances,Kochi,Neighbourhood,6960.98,0,8754.32,No,92,Monsoon,83
2023-10-01,ELEC101,Electronics,Chennai,Neighbourhood,18231.26,0,27479.7,Yes,133,Festival,310
2025-07-01,ELEC103,Electronics,Delhi,Neighbourhood,7705.0,10,5348.43,No,167,Monsoon,196
2025-07-01,ELEC104,Electronics,Mumbai,Neighbourhood,3127.15,0,5786.93,No,182,Monsoon,220
2025-02-01,CARE104,Personal Care,Kochi,Mall,797.95,0,18854.18,No,571,Winter,528
2024-06-01,CARE101,Personal Care,Chennai,Mall,350.58,0,23882.52,No,599,Monsoon,577
2024-03-01,CARE103,Personal Care,Delhi,Mall,170.02,10,22465.18,No,1006,Summer,1073
2025-07-01,FASH101,Fashion,Bengaluru,Supermarket,1276.43,20,10617.01,No,492,Monsoon,601
2024-01-01,ELEC104,Electronics,Delhi,Mall,3803.81,5,5687.3,Yes,183,Winter,257
2023-02-01,CARE104,Personal Care,Bengaluru,Neighbourhood,891.31,5,8660.01,No,725,Winter,744
2024-03-01,HOME101,Home Appliances,Hyderabad,Supermarket,11875.13,20,27796.68,No,187,Summer,265
2025-08-01,ELEC102,Electronics,Mumbai,Neighbourhood,26510.27,25,8634.91,Yes,158,Monsoon,300
2024-09-01,CARE102,Personal Care,Bengaluru,Mall,592.07,15,27642.34,No,925,Festival,1455
2023-12-01,ELEC103,Electronics,Bengaluru,Neighbourhood,9096.51,15,20995.87,Yes,180,Winter,340
2025-07-01,HOME104,Home Appliances,Pune,Mall,5642.21,10,12063.51,No,160,Monsoon,143
2025-10-01,HOME101,Home Appliances,Chennai,Supermarket,11067.28,20,24285.8,No,134,Festival,282
2023-04-01,CARE104,Personal Care,Bengaluru,Supermarket,1016.72,5,11209.22,No,1094,Summer,892
2024-04-01,ELEC104,Electronics,Pune,High Street,2990.57,25,27047.29,No,168,Summer,262
2024-10-01,HOME104,Home Appliances,Hyderabad,High Street,5627.07,0,9628.97,Yes,165,Festival,272
2024-04-01,CARE101,Personal Care,Pune,Neighbourhood,380.35,5,26905.51,No,523,Summer,483
2023-07-01,HOME103,Home Appliances,Mumbai,High Street,18040.74,10,5831.52,No,125,Monsoon,158
2024-01-01,FASH104,Fashion,Bengaluru,Mall,3388.8,25,9394.68,Yes,560,Winter,776
2025-10-01,HOME103,Home Appliances,Kochi,Supermarket,18901.38,5,28507.15,No,143,Festival,223
2024-04-01,FASH104,Fashion,Kochi,Supermarket,3335.33,0,25014.08,No,402,Summer,311
2023-05-01,FASH102,Fashion,Pune,High Street,2525.39,5,7945.47,No,299,Summer,256
2023-12-01,GROC101,Groceries,Kochi,Mall,105.69,10,10616.51,Yes,1086,Winter,1203
2025-07-01,ELEC102,Electronics,Hyderabad,High Street,24662.2,20,24030.23,No,164,Monsoon,236
2025-04-01,FASH101,Fashion,Bengaluru,High Street,1689.12,5,24749.23,No,346,Summer,441
2023-09-01,CARE102,Personal Care,Hyderabad,High Street,659.25,20,21068.33,No,714,Festival,1051
2024-05-01,HOME103,Home Appliances,Kolkata,Mall,17327.03,20,22162.85,No,172,Summer,224
2023-05-01,CARE103,Personal Care,Kolkata,Supermarket,157.04,25,4163.27,No,646,Summer,780
2023-02-01,ELEC104,Electronics,Hyderabad,Supermarket,3694.43,10,6353.49,No,277,Winter,289
2023-06-01,HOME104,Home Appliances,Hyderabad,Mall,5590.79,0,27240.61,No,126,Monsoon,167
2024-04-01,CARE103,Personal Care,Chennai,High Street,196.05,25,23987.58,No,628,Summer,744
2023-02-01,ELEC101,Electronics,Pune,High Street,18749.56,10,26656.64,No,134,Winter,204
2023-07-01,ELEC102,Electronics,Hyderabad,Supermarket,22171.51,20,19765.04,No,240,Monsoon,300
2023-08-01,HOME103,Home Appliances,Hyderabad,Neighbourhood,17027.03,20,14828.72,Yes,97,Monsoon,236
2024-10-01,HOME104,Home Appliances,Chennai,Mall,5167.43,5,6587.27,Yes,115,Festival,217
2025-08-01,HOME102,Home Appliances,Bengaluru,Mall,7848.7,5,4649.89,Yes,207,Monsoon,239
2023-09-01,ELEC102,Electronics,Mumbai,Supermarket,21417.12,0,27520.02,No,268,Festival,455
2025-05-01,CARE102,Personal Care,Bengaluru,Neighbourhood,644.07,5,27612.47,No,451,Summer,732
2024-08-01,CARE103,Personal Care,Hyderabad,Neighbourhood,186.82,10,28967.29,Yes,562,Monsoon,662
2025-02-01,FASH101,Fashion,Pune,High Street,1564.19,0,4988.56,No,262,Winter,230
2025-03-01,CARE104,Personal Care,Hyderabad,Neighbourhood,980.59,0,22327.85,No,494,Summer,418
2024-07-01,HOME102,Home Appliances,Mumbai,Mall,6991.43,10,7732.23,No,169,Monsoon,184
2023-07-01,CARE103,Personal Care,Mumbai,High Street,161.87,10,3554.11,No,934,Monsoon,906
2024-06-01,FASH101,Fashion,Kochi,High Street,1477.47,10,22328.61,No,242,Monsoon,210
2023-07-01,CARE104,Personal Care,Pune,Neighbourhood,825.42,15,17448.52,No,509,Monsoon,613
2024-05-01,ELEC102,Electronics,Kochi,High Street,22873.45,10,13327.88,No,167,Summer,166
2025-12-01,GROC101,Groceries,Bengaluru,High Street,136.0,10,18514.1,Yes,907,Winter,1063
2025-04-01,HOME102,Home Appliances,Kolkata,Neighbourhood,7066.22,10,7159.64,No,121,Summer,142
2025-10-01,FASH104,Fashion,Delhi,Supermarket,3547.53,25,23844.57,Yes,612,Festival,1019
2023-11-01,CARE104,Personal Care,Mumbai,Supermarket,802.53,0,18220.26,Yes,1012,Festival,1375
2024-09-01,GROC101,Groceries,Chennai,Supermarket,127.19,0,22487.8,No,903,Festival,985
2025-08-01,GROC102,Groceries,Kolkata,Neighbourhood,282.51,5,12506.02,Yes,615,Monsoon,591
2024-06-01,HOME102,Home Appliances,Kolkata,Neighbourhood,7928.05,0,19045.37,No,85,Monsoon,119
2024-02-01,CARE101,Personal Care,Kochi,High Street,307.42,10,171946.0391,No,666,Winter,639
2024-04-01,CARE103,Personal Care,Bengaluru,High Street,197.44,0,24555.29,No,893,Summer,833
2023-07-01,FASH101,Fashion,Bengaluru,Supermarket,1376.11,5,15535.1,No,405,Monsoon,432
2023-11-01,CARE101,Personal Care,Kolkata,Mall,307.2,5,12716.71,Yes,751,Festival,1065
2023-04-01,HOME102,Home Appliances,Delhi,Mall,7789.99,10,20339.02,No,176,Summer,238
2024-07-01,CARE104,Personal Care,Hyderabad,Neighbourhood,815.58,10,20112.28,No,570,Monsoon,645
2024-09-01,HOME101,Home Appliances,Chennai,Mall,10208.11,20,10199.24,No,171,Festival,283
2024-09-01,GROC101,Groceries,Kolkata,Neighbourhood,102.46,20,11429.1,No,661,Festival,1308
2024-01-01,FASH101,Fashion,Delhi,Mall,1399.04,15,11916.97,Yes,459,Winter,660
2024-02-01,ELEC104,Electronics,Kolkata,Supermarket,3085.57,0,25284.15,No,166,Winter,190
2023-05-01,HOME101,Home Appliances,Kolkata,High Street,13761.71,20,19487.34,No,144,Summer,175
2024-06-01,ELEC102,Electronics,Kochi,High Street,23611.58,0,12683.2,No,198,Monsoon,172
2024-08-01,CARE103,Personal Care,Kolkata,Supermarket,154.78,10,22137.77,No,828,Monsoon,788
2025-05-01,CARE101,Personal Care,Pune,High Street,327.19,0,11288.5,No,557,Summer,480
2024-02-01,HOME102,Home Appliances,Delhi,Mall,7923.39,20,4667.24,No,135,Winter,201
2023-04-01,HOME102,Home Appliances,Chennai,Mall,6950.99,5,7023.23,No,167,Summer,165
2025-02-01,GROC103,Groceries,Kolkata,Mall,80.42,10,11727.78,No,1235,Winter,1121
2024-07-01,GROC103,Groceries,Chennai,High Street,85.89,5,20449.11,No,1145,Monsoon,847
2023-06-01,HOME102,Home Appliances,Mumbai,Mall,7008.74,15,18509.55,No,135,Monsoon,205
2023-10-01,CARE101,Personal Care,Mumbai,Supermarket,313.52,20,20020.98,Yes,1098,Festival,1774
2023-07-01,CARE104,Personal Care,Bengaluru,Mall,950.96,25,28688.18,No,886,Monsoon,1014
2024-12-01,ELEC101,Electronics,Hyderabad,High Street,19224.45,15,13132.15,Yes,169,Winter,277
2024-11-01,CARE101,Personal Care,Chennai,Supermarket,313.23,5,28685.69,Yes,921,Festival,1254
2023-02-01,FASH103,Fashion,Kolkata,Supermarket,982.34,10,11390.43,No,354,Winter,371
2024-04-01,ELEC102,Electronics,Chennai,Mall,24972.81,10,11112.03,No,248,Summer,254
2025-03-01,ELEC103,Electronics,Kolkata,Neighbourhood,7120.89,0,20161.96,No,155,Summer,194
2024-06-01,ELEC103,Electronics,Chennai,Supermarket,7994.29,20,25954.06,No,188,Monsoon,257
2023-12-01,HOME102,Home Appliances,Delhi,Mall,8417.2,15,29504.24,Yes,164,Winter,335
2023-05-01,FASH104,Fashion,Hyderabad,High Street,2982.04,0,15125.98,No,327,Summer,353
2024-10-01,CARE104,Personal Care,Delhi,High Street,965.03,0,5972.57,No,917,Festival,1039
2024-03-01,GROC104,Groceries,Hyderabad,Mall,440.29,5,27028.08,No,825,Summer,772
2024-05-01,ELEC102,Electronics,Hyderabad,Neighbourhood,27885.41,5,21669.94,No,163,Summer,188
2024-03-01,FASH102,Fashion,Mumbai,Supermarket,1964.7,0,26845.95,No,405,Summer,471
2025-08-01,ELEC102,Electronics,Chennai,Neighbourhood,25577.29,0,5159.62,Yes,169,Monsoon,201
2024-05-01,GROC101,Groceries,Delhi,Neighbourhood,119.65,10,19783.09,No,946,Summer,1124
2024-07-01,HOME103,Home Appliances,Kochi,Supermarket,17939.43,15,26221.35,No,107,Monsoon,125
2023-04-01,CARE101,Personal Care,Mumbai,Neighbourhood,354.6,20,21229.39,No,642,Summer,963
2025-10-01,CARE104,Personal Care,Delhi,Mall,995.04,5,13289.18,No,738,Festival,880
2025-08-01,FASH102,Fashion,Mumbai,Mall,2010.83,10,15809.43,No,404,Monsoon,471
2025-05-01,HOME104,Home Appliances,Kolkata,Neighbourhood,5188.46,25,7967.42,No,107,Summer,180
2024-06-01,CARE103,Personal Care,Kolkata,High Street,185.59,5,4525.8,No,719,Monsoon,689
2023-03-01,ELEC102,Electronics,Delhi,Supermarket,27754.63,25,22644.73,No,200,Summer,323
2025-02-01,HOME102,Home Appliances,Hyderabad,Neighbourhood,7253.43,15,12099.88,No,110,Winter,161
2024-03-01,HOME103,Home Appliances,Pune,Neighbourhood,15385.0,0,15879.17,No,78,Summer,135
2025-01-01,GROC101,Groceries,Delhi,Neighbourhood,108.75,15,25373.87,No,859,Winter,1341
2024-12-01,FASH102,Fashion,Kochi,Neighbourhood,1987.91,25,19823.51,Yes,203,Winter,438
2025-08-01,GROC103,Groceries,Pune,Mall,73.26,10,29567.29,No,750,Monsoon,831
2023-02-01,GROC104,Groceries,Delhi,Neighbourhood,484.89,5,5350.75,No,845,Winter,928
2023-02-01,FASH101,Fashion,Pune,Neighbourhood,1612.6,0,12688.75,No,272,Winter,264
2024-05-01,FASH104,Fashion,Bengaluru,Supermarket,3252.05,15,12485.48,No,577,Summer,592
2025-12-01,CARE101,Personal Care,Hyderabad,Neighbourhood,384.94,10,10527.61,Yes,540,Winter,668
2025-09-01,ELEC104,Electronics,Chennai,Supermarket,3161.6,15,29950.3,No,250,Festival,381
2024-04-01,HOME101,Home Appliances,Pune,Supermarket,12062.27,25,27193.53,No,136,Summer,223
2025-12-01,CARE104,Personal Care,Kolkata,Neighbourhood,998.55,10,24021.65,Yes,609,Winter,668
2023-05-01,CARE103,Personal Care,Kolkata,Supermarket,192.06,5,28294.29,No,588,Summer,563
2023-08-01,CARE101,Personal Care,Pune,Mall,365.19,10,27560.22,No,548,Monsoon,641
2024-02-01,FASH101,Fashion,Mumbai,Neighbourhood,1297.36,10,10192.66,No,372,Winter,483
2023-09-01,GROC104,Groceries,Hyderabad,Supermarket,504.29,10,26128.61,No,1082,Festival,1533
2025-12-01,GROC102,Groceries,Bengaluru,Supermarket,248.25,5,29780.13,Yes,1149,Winter,1234
2025-01-01,ELEC102,Electronics,Pune,Mall,23986.51,0,28792.74,Yes,199,Winter,298
2023-07-01,HOME104,Home Appliances,Bengaluru,High Street,4544.35,15,29500.19,No,168,Monsoon,271
2023-12-01,CARE101,Personal Care,Chennai,Mall,352.42,25,7925.52,Yes,693,Winter,825
2025-02-01,HOME102,Home Appliances,Mumbai,Mall,7630.82,15,18948.53,No,182,Winter,258
2023-01-01,FASH104,Fashion,Mumbai,High Street,3587.6,20,17553.22,Yes,535,Winter,767
2024-09-01,ELEC103,Electronics,Mumbai,Mall,7916.81,10,26943.87,No,206,Festival,390
2023-12-01,HOME104,Home Appliances,Pune,Supermarket,5220.17,10,13934.8,Yes,164,Winter,227
2024-04-01,HOME104,Home Appliances,Delhi,High Street,5443.07,0,12547.34,No,125,Summer,139
2024-03-01,ELEC104,Electronics,Kochi,Neighbourhood,3312.86,5,11326.31,No,113,Summer,117
2024-11-01,FASH103,Fashion,Mumbai,Neighbourhood,874.69,15,13523.09,Yes,322,Festival,694
2024-12-01,CARE101,Personal Care,Pune,Mall,324.81,5,28233.86,Yes,572,Winter,766
2025-03-01,HOME104,Home Appliances,Kolkata,Neighbourhood,5594.12,15,6763.56,No,115,Summer,120
2024-12-01,HOME102,Home Appliances,Hyderabad,Mall,7547.43,20,29743.91,Yes,126,Winter,298
2024-01-01,ELEC104,Electronics,Mumbai,High Street,3771.09,15,25224.05,Yes,256,Winter,435
2024-03-01,HOME101,Home Appliances,Hyderabad,Supermarket,13520.92,10,19936.47,No,134,Summer,173
2025-05-01,ELEC103,Electronics,Mumbai,Supermarket,8032.01,5,3911.67,No,261,Summer,237
2024-03-01,CARE101,Personal Care,Bengaluru,Neighbourhood,308.19,0,5358.71,No,612,Summer,728
2023-05-01,GROC103,Groceries,Pune,Supermarket,83.67,15,11636.03,No,894,Summer,959
2024-09-01,CARE103,Personal Care,Chennai,Supermarket,190.76,0,14855.72,No,870,Festival,862
2024-08-01,CARE102,Personal Care,Kolkata,Supermarket,642.34,15,5033.43,No,698,Monsoon,591
2023-11-01,ELEC103,Electronics,Kolkata,Supermarket,7942.86,20,27855.76,Yes,186,Festival,429
2024-12-01,CARE102,Personal Care,Delhi,Mall,711.71,0,23832.39,Yes,965,Winter,1101
2023-09-01,ELEC101,Electronics,Mumbai,High Street,18505.42,15,10527.68,No,248,Festival,407
2024-10-01,GROC102,Groceries,Kolkata,Mall,218.14,25,14572.0,Yes,1102,Festival,1875
2024-06-01,ELEC104,Electronics,Kochi,Supermarket,3993.45,10,29663.95,No,196,Monsoon,181
2024-02-01,ELEC101,Electronics,Mumbai,Supermarket,19858.36,10,28031.14,No,257,Winter,324
2023-01-01,CARE101,Personal Care,Kolkata,Supermarket,367.11,15,13322.02,Yes,720,Winter,846
2023-03-01,HOME102,Home Appliances,Hyderabad,High Street,7427.97,10,15272.67,No,171,Summer,197
2025-04-01,HOME101,Home Appliances,Pune,Neighbourhood,12740.05,25,18479.8,No,75,Summer,119
2025-01-01,CARE102,Personal Care,Bengaluru,Neighbourhood,648.52,15,17060.12,No,533,Winter,808
2025-11-01,ELEC103,Electronics,Hyderabad,Neighbourhood,9123.97,15,4493.12,Yes,164,Festival,341
2025-06-01,ELEC102,Electronics,Bengaluru,Supermarket,27764.92,5,13540.89,No,195,Monsoon,210
2023-02-01,CARE101,Personal Care,Delhi,Neighbourhood,336.22,15,20782.07,No,609,Winter,895
2025-04-01,HOME101,Home Appliances,Unknown,High Street,10884.07,5,22420.33,No,160,Summer,257
2023-05-01,CARE102,Personal Care,Hyderabad,Neighbourhood,596.04,5,21527.17,No,605,Summer,622
2025-03-01,CARE103,Personal Care,Pune,Mall,187.75,0,27881.02,No,639,Summer,579
2023-11-01,GROC101,Groceries,Delhi,Neighbourhood,118.07,10,25903.41,Yes,1016,Festival,1664
2025-12-01,FASH102,Fashion,Kochi,High Street,1976.85,5,11877.43,No,259,Winter,310
2024-11-01,GROC104,Groceries,Kochi,High Street,498.87,5,19114.36,Yes,847,Festival,901
2024-08-01,HOME104,Home Appliances,Hyderabad,Mall,4939.57,10,7156.82,Yes,185,Monsoon,235
2024-01-01,GROC104,Groceries,Chennai,Neighbourhood,408.16,25,15124.21,No,869,Winter,1267
2023-02-01,GROC102,Groceries,Delhi,Mall,275.29,20,3409.67,No,1498,Winter,1668
2025-03-01,ELEC104,Electronics,Chennai,Neighbourhood,3439.18,10,10408.45,No,117,Summer,175
2023-09-01,FASH102,Fashion,Mumbai,High Street,2008.65,5,7668.59,No,471,Festival,662
2024-06-01,FASH103,Fashion,Pune,Supermarket,955.06,10,5112.48,No,410,Monsoon,354
2024-06-01,HOME104,Home Appliances,Kolkata,Mall,5690.89,15,7456.01,No,186,Monsoon,177
2023-07-01,GROC103,Groceries,Pune,High Street,72.16,10,6152.69,No,839,Monsoon,784
2023-10-01,FASH103,Fashion,Chennai,High Street,806.83,10,17466.51,Yes,365,Festival,634
2023-10-01,CARE103,Personal Care,Kochi,Mall,203.26,0,15922.08,Yes,712,Festival,744
2024-09-01,ELEC104,Electronics,Pune,Neighbourhood,3043.57,25,24429.12,No,132,Festival,300
2023-03-01,HOME101,Home Appliances,Kochi,High Street,12400.52,20,3551.7,No,117,Summer,104
2025-02-01,GROC101,Groceries,Hyderabad,Mall,112.03,10,18607.08,No,1099,Winter,1048
2025-05-01,HOME103,Home Appliances,Pune,High Street,20302.36,10,4443.25,No,110,Summer,103
2025-02-01,CARE101,Personal Care,Delhi,Mall,336.07,5,15159.37,No,1022,Winter,988
2023-08-01,FASH103,Fashion,Hyderabad,Supermarket,804.98,20,20164.96,No,531,Monsoon,557
2024-08-01,ELEC104,Electronics,Chennai,High Street,3780.53,10,17949.17,Yes,227,Monsoon,272
2024-01-01,ELEC103,Electronics,Chennai,Mall,9198.84,5,18661.74,Yes,208,Winter,299
2025-10-01,CARE103,Personal Care,Kolkata,Mall,198.85,15,18859.43,Yes,566,Festival,928
2024-04-01,ELEC104,Electronics,Pune,Neighbourhood,3944.29,5,258128.0371,No,151,Summer,206
2024-01-01,ELEC101,Electronics,Hyderabad,Mall,18976.41,25,14027.79,Yes,208,Winter,345
2025-11-01,HOME102,Home Appliances,Delhi,High Street,7255.63,20,3366.38,Yes,194,Festival,398
2023-11-01,GROC104,Groceries,Mumbai,Supermarket,478.47,15,8503.1,No,1154,Festival,1697
2023-06-01,HOME104,Home Appliances,Hyderabad,Supermarket,5454.97,5,13642.22,No,160,Monsoon,172
2023-09-01,CARE104,Personal Care,Kolkata,Mall,1030.98,10,85920.1279,No,830,Festival,1022
2023-11-01,GROC103,Groceries,Hyderabad,Supermarket,1958.2849999999999,5,20138.44,Yes,915,Festival,1167
2023-11-01,HOME103,Home Appliances,Chennai,Supermarket,19765.69,20,7702.53,Yes,177,Festival,301
2024-10-01,GROC103,Groceries,Delhi,Mall,69.45,15,27784.97,Yes,1012,Festival,1726
2024-09-01,ELEC101,Electronics,Bengaluru,Supermarket,16775.81,20,19702.79,No,194,Festival,383
2024-02-01,GROC101,Groceries,Kochi,High Street,108.66,25,7265.84,No,888,Winter,875
2024-12-01,FASH103,Fashion,Kochi,Supermarket,1016.22,5,10628.67,Yes,309,Winter,286
2025-12-01,FASH101,Fashion,Kochi,Mall,1713.61,0,3386.98,No,398,Winter,224
2023-05-01,GROC102,Groceries,Pune,Mall,213.32,25,3155.34,No,985,Summer,1081
2024-02-01,FASH103,Fashion,Kochi,Mall,804.59,0,6956.2,No,291,Winter,271
2025-11-01,ELEC104,Electronics,Mumbai,Supermarket,3109.62,10,9042.87,No,282,Festival,421
2023-06-01,HOME102,Home Appliances,Mumbai,High Street,8250.43,15,10627.46,No,131,Monsoon,190
2025-08-01,FASH103,Fashion,Bengaluru,Neighbourhood,789.74,15,3565.71,Yes,339,Monsoon,495
2025-11-01,GROC102,Groceries,Bengaluru,Neighbourhood,237.59,5,11760.57,No,864,Festival,1444
2023-08-01,GROC104,Groceries,Kochi,Neighbourhood,477.35,10,19569.29,Yes,703,Monsoon,661
2023-09-01,CARE101,Personal Care,Kolkata,High Street,327.38,15,14338.8,No,643,Festival,913
2025-11-01,HOME102,Home Appliances,Mumbai,Supermarket,7844.96,25,29202.87,Yes,217,Festival,513
2023-05-01,GROC101,Groceries,Chennai,Supermarket,103.63,5,18823.32,No,930,Summer,1044
2024-09-01,GROC101,Groceries,Pune,Mall,119.39,20,21078.2,No,1136,Festival,1442
2023-07-01,CARE102,Personal Care,Kolkata,Supermarket,746.12,15,19977.86,No,897,Monsoon,753
2023-07-01,FASH104,Fashion,Hyderabad,Supermarket,3554.98,5,23184.61,No,424,Monsoon,399
2025-05-01,FASH104,Fashion,Hyderabad,High Street,2880.45,15,9828.2,No,440,Summer,502
2024-04-01,CARE103,Personal Care,Kochi,Mall,206.66,5,22923.3,No,601,Summer,421
2024-05-01,FASH104,Fashion,Kolkata,Supermarket,3053.75,20,24217.36,No,361,Summer,444
2023-11-01,GROC103,Groceries,Kochi,High Street,77.65,5,23230.91,Yes,867,Festival,1095
2024-08-01,FASH102,Fashion,Kolkata,High Street,2524.26,10,17359.82,Yes,458,Monsoon,470
2023-03-01,CARE102,Personal Care,Mumbai,High Street,595.13,20,15309.93,No,963,Summer,1171
2024-07-01,GROC104,Groceries,Kochi,High Street,512.22,15,26567.97,No,813,Monsoon,713
2024-08-01,HOME102,Home Appliances,Kolkata,Mall,8010.62,25,3320.68,Yes,181,Monsoon,228
2025-12-01,FASH101,Fashion,Kolkata,Supermarket,1519.03,25,20885.23,Yes,382,Winter,598
2025-10-01,CARE103,Personal Care,Pune,Supermarket,188.93,25,9335.6,No,676,Festival,894
2025-11-01,FASH102,Fashion,Delhi,High Street,2384.52,15,17889.6,Yes,418,Festival,746
2024-12-01,ELEC102,Electronics,Kolkata,Supermarket,22925.23,25,8950.52,Yes,197,Winter,316
2024-01-01,ELEC102,Electronics,Bengaluru,Neighbourhood,25027.65,5,22200.0,No,124,Winter,197
2023-01-01,HOME103,Home Appliances,Kochi,High Street,16915.97,10,19992.05,No,110,Winter,138
2023-12-01,ELEC101,Electronics,Pune,Neighbourhood,19709.46,20,29608.4,No,126,Winter,230
2023-07-01,GROC102,Groceries,Mumbai,Neighbourhood,285.07,0,9368.29,No,947,Monsoon,815
2024-11-01,FASH103,Fashion,Kochi,Mall,824.83,25,20925.3,Yes,266,Festival,498
2023-10-01,GROC103,Groceries,Hyderabad,Neighbourhood,73.55,5,29626.78,Yes,705,Festival,1148
2024-08-01,FASH104,Fashion,Mumbai,High Street,3506.51,10,23696.14,Yes,532,Monsoon,591
2023-03-01,FASH102,Fashion,Kolkata,Supermarket,2197.9,15,4241.53,No,436,Summer,403
2024-02-01,FASH101,Fashion,Kolkata,Neighbourhood,1344.9,20,25217.1,No,245,Winter,462
2024-12-01,FASH101,Fashion,Hyderabad,High Street,1618.2,10,29924.54,No,458,Winter,514
2024-11-01,GROC104,Groceries,Mumbai,Supermarket,401.56,5,13227.71,No,1206,Festival,1708
2025-06-01,FASH104,Fashion,Hyderabad,High Street,2908.18,5,9709.56,No,332,Monsoon,375
2024-12-01,ELEC103,Electronics,Bengaluru,Neighbourhood,8029.77,5,4716.88,No,205,Winter,228
2025-05-01,GROC104,Groceries,Hyderabad,High Street,394.05,5,11000.92,No,812,Summer,824
2024-10-01,HOME101,Home Appliances,Chennai,Neighbourhood,12060.19,15,7925.05,No,129,Festival,200
2024-05-01,GROC101,Groceries,Delhi,High Street,117.09,10,26950.88,No,973,Summer,1054
2025-11-01,HOME101,Home Appliances,Pune,Supermarket,12027.58,0,20378.91,Yes,181,Festival,293
2023-09-01,FASH104,Fashion,Chennai,High Street,3392.51,10,21420.63,No,399,Festival,484
2024-09-01,HOME104,Home Appliances,Kolkata,Neighbourhood,4284.78,0,16472.23,No,118,Festival,199
2024-03-01,CARE104,Personal Care,Bengaluru,Neighbourhood,830.92,10,27779.46,No,589,Summer,708
2025-02-01,HOME104,Home Appliances,Hyderabad,Mall,4554.46,15,8452.21,No,172,Winter,197
2023-12-01,FASH101,Fashion,Chennai,Neighbourhood,1318.14,10,5478.21,No,273,Winter,363
2023-03-01,HOME103,Home Appliances,Chennai,Neighbourhood,15810.46,0,15768.84,No,102,Summer,152
2024-09-01,CARE102,Personal Care,Chennai,Mall,662.49,10,3453.0,No,855,Festival,967
2025-09-01,ELEC101,Electronics,Kochi,Mall,16631.68,20,22964.15,No,200,Festival,283
2024-03-01,CARE102,Personal Care,Hyderabad,Mall,560.86,15,8145.94,No,849,Summer,942
2024-09-01,FASH102,Fashion,Pune,Supermarket,2181.14,0,4845.79,No,415,Festival,453
2024-08-01,GROC102,Groceries,Kolkata,Neighbourhood,239.3,10,23925.68,No,624,Monsoon,783
2023-02-01,CARE103,Personal Care,Pune,Mall,188.18,0,29689.15,No,757,Winter,595
2024-02-01,FASH103,Fashion,Chennai,Mall,932.91,20,20120.06,No,346,Winter,397
2023-09-01,ELEC101,Electronics,Delhi,Supermarket,19044.16,25,21544.42,No,256,Festival,457
2024-07-01,CARE101,Personal Care,Hyderabad,High Street,309.6,10,16105.48,No,576,Monsoon,700
2024-01-01,GROC104,Groceries,Pune,Mall,414.95,15,21467.42,Yes,741,Winter,1053
2024-07-01,ELEC103,Electronics,Bengaluru,Mall,7191.32,0,23624.16,No,248,Monsoon,257
2023-12-01,CARE102,Personal Care,Chennai,High Street,683.19,5,27697.78,Yes,604,Winter,813
2025-06-01,CARE102,Personal Care,Delhi,High Street,607.26,10,19603.5,No,637,Monsoon,787
2024-03-01,CARE101,Personal Care,Kochi,High Street,335.37,5,17998.82,No,686,Summer,519
2024-09-01,FASH103,Fashion,Bengaluru,Supermarket,800.49,20,24531.12,No,391,Festival,697
2024-12-01,HOME101,Home Appliances,Kolkata,High Street,12481.98,20,8813.05,Yes,160,Winter,239
2023-09-01,ELEC101,Electronics,Pune,Neighbourhood,16644.12,20,26347.59,No,119,Festival,283
2025-05-01,GROC102,Groceries,Chennai,Mall,229.59,20,21349.21,No,819,Summer,1133
2023-06-01,HOME102,Home Appliances,Chennai,Neighbourhood,8266.53,10,14833.41,No,90,Monsoon,132
2023-07-01,CARE103,Personal Care,Bengaluru,Supermarket,156.89,25,14028.02,No,963,Monsoon,1150
2024-05-01,CARE101,Personal Care,Bengaluru,Neighbourhood,297.88,15,5962.91,No,553,Summer,826
2025-08-01,HOME102,Home Appliances,Mumbai,Neighbourhood,8358.78,10,20840.11,Yes,140,Monsoon,265
2025-11-01,CARE101,Personal Care,Bengaluru,Supermarket,380.53,5,7301.39,Yes,1024,Festival,1212
2024-03-01,FASH102,Fashion,Mumbai,Mall,2111.08,5,9555.05,No,443,Summer,473
2024-03-01,ELEC101,Electronics,Delhi,High Street,16768.56,5,6953.52,No,213,Summer,245
2024-12-01,HOME101,Home Appliances,Pune,Supermarket,12891.38,15,3124.21,Yes,157,Winter,206
2025-07-01,HOME102,Home Appliances,Chennai,Mall,8300.3,10,25235.92,No,178,Monsoon,184
2024-07-01,GROC104,Groceries,Kolkata,Supermarket,411.79,10,6315.19,No,1089,Monsoon,977
2023-09-01,GROC101,Groceries,Chennai,High Street,133.42,10,6294.27,No,1173,Festival,1233
2024-12-01,ELEC103,Electronics,Pune,High Street,8012.46,15,19008.44,No,189,Winter,232
2023-11-01,HOME101,Home Appliances,Kolkata,Neighbourhood,12477.67,5,8896.32,Yes,125,Festival,244
2025-12-01,HOME103,Home Appliances,Chennai,Neighbourhood,17754.1,15,15419.41,No,91,Winter,160
2024-11-01,FASH104,Fashion,Hyderabad,Supermarket,2812.21,20,3355.86,Yes,491,Festival,758
2024-11-01,CARE101,Personal Care,Kolkata,Neighbourhood,365.61,10,22187.75,Yes,590,Festival,900
2025-02-01,GROC101,Groceries,Hyderabad,Mall,119.46,10,23055.7,No,851,Winter,984
2023-12-01,FASH103,Fashion,Kochi,High Street,1015.77,15,12094.38,Yes,347,Winter,373
2024-08-01,CARE103,Personal Care,Bengaluru,High Street,156.61,15,15969.94,Yes,844,Monsoon,1004
2025-07-01,CARE102,Personal Care,Pune,Neighbourhood,656.24,10,14581.76,No,544,Monsoon,543
2025-05-01,HOME104,Home Appliances,Mumbai,Neighbourhood,4974.64,15,28500.49,No,118,Summer,232
2023-02-01,CARE102,Personal Care,Unknown,Supermarket,727.6,10,7527.83,No,978,Winter,992
2024-03-01,GROC104,Groceries,Mumbai,Mall,494.71,15,11447.84,No,1354,Summer,1483
2025-04-01,HOME104,Home Appliances,Delhi,Mall,4517.04,0,5094.36,No,186,Summer,181
2025-09-01,ELEC103,Electronics,Mumbai,Mall,7620.54,10,5888.51,No,280,Festival,367
2025-12-01,GROC103,Groceries,Bengaluru,Mall,90.43,10,10811.22,No,1327,Winter,1326
2024-05-01,GROC104,Groceries,Chennai,High Street,402.19,15,9960.71,No,985,Summer,1086
2024-02-01,GROC104,Groceries,Chennai,High Street,470.21,0,14397.28,No,870,Winter,623
2024-08-01,FASH103,Fashion,Chennai,Neighbourhood,881.78,25,4135.78,Yes,221,Monsoon,354
2025-09-01,FASH101,Fashion,Bengaluru,Supermarket,1707.59,25,26439.34,No,500,Festival,826
2025-01-01,HOME104,Home Appliances,Bengaluru,Mall,4278.03,25,12635.96,No,135,Winter,237
2024-04-01,CARE102,Personal Care,Bengaluru,Mall,556.84,5,6666.79,No,928,Summer,929
2024-02-01,ELEC102,Electronics,Bengaluru,Neighbourhood,24714.51,10,26870.98,No,148,Winter,290
2024-02-01,FASH104,Fashion,Chennai,High Street,2955.25,20,18140.32,No,375,Winter,503
2023-04-01,ELEC103,Electronics,Kochi,High Street,7398.75,10,11970.39,No,198,Summer,197
2025-06-01,HOME103,Home Appliances,Kochi,Supermarket,15903.47,10,24334.27,No,104,Monsoon,145
2024-07-01,GROC104,Groceries,Pune,Supermarket,382.9,15,9837.03,No,912,Monsoon,958
2024-07-01,FASH104,Fashion,Mumbai,Mall,3668.53,10,7137.27,No,477,Monsoon,435
2025-11-01,ELEC103,Electronics,Delhi,High Street,7136.68,0,7311.62,No,243,Festival,341
2023-09-01,HOME101,Home Appliances,Pune,High Street,12682.55,0,6498.72,No,109,Festival,153
2025-11-01,FASH104,Fashion,Pune,Supermarket,3255.44,0,24836.28,Yes,319,Festival,493
2025-02-01,CARE102,Personal Care,Bengaluru,Mall,638.28,10,18349.89,No,957,Winter,1072
2023-11-01,FASH103,Fashion,Unknown,Neighbourhood,784.23,10,15195.19,No,254,Festival,379
2023-03-01,CARE104,Personal Care,Pune,High Street,942.14,0,18068.76,No,759,Summer,551
2025-04-01,CARE104,Personal Care,Chennai,Supermarket,838.86,5,13540.27,No,764,Summer,716
2024-07-01,ELEC102,Electronics,Kochi,Mall,27000.84,0,18792.87,No,139,Monsoon,110
2024-08-01,CARE104,Personal Care,Hyderabad,High Street,795.02,15,25759.16,No,792,Monsoon,909
2024-11-01,GROC102,Groceries,Bengaluru,High Street,225.98,15,17458.9,No,1301,Festival,1898
2025-10-01,GROC104,Groceries,Hyderabad,Mall,493.19,10,16968.03,Yes,1175,Festival,1449
2023-05-01,ELEC102,Electronics,Kolkata,Neighbourhood,25564.93,20,21963.49,No,169,Summer,257
2024-01-01,ELEC103,Electronics,Kochi,Supermarket,8570.8,10,4316.33,Yes,154,Winter,196
2025-11-01,GROC101,Groceries,Chennai,Mall,125.67,15,29910.76,No,992,Festival,1383
2023-11-01,HOME102,Home Appliances,Chennai,Neighbourhood,6520.23,5,20586.18,No,121,Festival,227
2024-11-01,ELEC102,Electronics,Kolkata,Neighbourhood,21671.69,5,28593.13,Yes,178,Festival,410
2023-02-01,FASH102,Fashion,Hyderabad,Neighbourhood,2326.66,10,6639.41,No,300,Winter,326
2023-12-01,FASH102,Fashion,Delhi,Supermarket,2216.25,20,13085.16,No,448,Winter,580
2024-10-01,ELEC104,Electronics,Mumbai,High Street,3294.1,20,24547.15,No,265,Festival,499
2023-05-01,HOME104,Home Appliances,Pune,Mall,5388.38,15,25141.13,No,172,Summer,206
2023-04-01,CARE104,Personal Care,Pune,High Street,845.95,25,25152.26,No,503,Summer,860
2025-04-01,HOME102,Home Appliances,Delhi,Mall,8567.18,5,21716.05,No,181,Summer,239
2023-11-01,GROC101,Groceries,Kochi,Mall,134.9,5,23465.57,Yes,805,Festival,986
2025-07-01,ELEC103,Electronics,Chennai,Neighbourhood,8211.45,10,14498.85,No,131,Monsoon,148
2025-07-01,CARE102,Personal Care,Pune,Neighbourhood,731.33,5,5943.4,No,429,Monsoon,375
2023-09-01,HOME103,Home Appliances,Mumbai,Mall,18950.05,10,7957.87,No,170,Festival,269
2025-06-01,GROC104,Groceries,Delhi,Neighbourhood,487.14,15,8753.93,No,753,Monsoon,867
2023-10-01,HOME101,Home Appliances,Pune,Supermarket,13083.45,15,24511.53,Yes,135,Festival,298
2025-11-01,FASH104,Fashion,Chennai,Mall,2993.12,25,15389.0,No,471,Festival,681
2024-05-01,ELEC101,Electronics,Kolkata,High Street,20277.41,20,3342.56,No,176,Summer,174
2024-01-01,ELEC103,Electronics,Kochi,Supermarket,8075.28,5,21829.36,Yes,143,Winter,257
2024-03-01,ELEC101,Electronics,Kolkata,High Street,16299.69,5,26218.44,No,231,Summer,269
2024-10-01,HOME101,Home Appliances,Kolkata,Mall,13630.17,10,19875.36,No,144,Festival,216
2024-11-01,CARE101,Personal Care,Mumbai,Mall,391.07,5,8527.45,No,873,Festival,1114
2024-11-01,HOME103,Home Appliances,Kochi,Supermarket,18473.62,10,20158.21,Yes,102,Festival,243
2025-11-01,FASH101,Fashion,Kolkata,High Street,1716.04,5,17642.1,Yes,310,Festival,477
2024-03-01,CARE101,Personal Care,Mumbai,Mall,401.28,10,21092.88,No,1013,Summer,993
2025-05-01,GROC101,Groceries,Kolkata,High Street,135.34,15,22222.26,No,902,Summer,824
2024-09-01,ELEC101,Electronics,Pune,Mall,1958.2849999999999,15,27056.15,No,190,Festival,342
2025-06-01,CARE103,Personal Care,Pune,Mall,153.78,5,20641.75,No,707,Monsoon,699
2025-02-01,GROC101,Groceries,Pune,High Street,120.55,5,22677.31,No,962,Winter,923
2024-08-01,GROC104,Groceries,Chennai,Mall,483.96,5,23545.0,No,1038,Monsoon,767
2025-08-01,CARE102,Personal Care,Bengaluru,Mall,591.38,5,17711.05,No,943,Monsoon,996
2024-10-01,ELEC102,Electronics,Kochi,High Street,28116.95,0,15729.61,Yes,177,Festival,251
2023-03-01,CARE103,Personal Care,Mumbai,Supermarket,186.33,15,29260.49,No,1035,Summer,1089
2023-11-01,CARE104,Personal Care,Hyderabad,Mall,834.5,5,26979.07,Yes,811,Festival,1130
2025-04-01,ELEC104,Electronics,Chennai,Supermarket,3915.49,10,11760.17,No,202,Summer,208
2023-03-01,CARE101,Personal Care,Chennai,Mall,383.76,10,16734.22,No,664,Summer,667
2023-07-01,FASH103,Fashion,Hyderabad,Neighbourhood,1012.53,5,11755.35,No,298,Monsoon,245
2024-11-01,FASH101,Fashion,Kolkata,Neighbourhood,1414.04,0,4176.05,Yes,218,Festival,416
2023-12-01,GROC103,Groceries,Bengaluru,High Street,73.74,5,21543.3,No,1025,Winter,1160
2024-02-01,CARE104,Personal Care,Pune,Mall,828.97,15,21926.81,No,655,Winter,815
2024-07-01,FASH103,Fashion,Kolkata,Mall,990.71,5,22489.75,No,348,Monsoon,285
2025-11-01,HOME103,Home Appliances,Pune,Supermarket,17251.8,5,16211.94,No,182,Festival,235
2023-03-01,GROC103,Groceries,Mumbai,Neighbourhood,77.27,5,11256.24,No,904,Summer,1117
2024-09-01,CARE102,Personal Care,Mumbai,High Street,628.61,5,16931.57,No,821,Festival,1114
2023-12-01,ELEC103,Electronics,Mumbai,Neighbourhood,7520.6,5,21499.82,No,162,Winter,271
2025-05-01,FASH103,Fashion,Chennai,High Street,945.71,15,23520.61,No,455,Summer,477
2023-12-01,GROC103,Groceries,Mumbai,Mall,82.09,5,11359.82,No,1441,Winter,1502
2025-07-01,FASH103,Fashion,Kolkata,Neighbourhood,963.44,5,8254.94,No,291,Monsoon,259
2023-06-01,GROC102,Groceries,Hyderabad,Mall,226.51,10,7980.78,No,1099,Monsoon,1031
2024-11-01,ELEC103,Electronics,Pune,Supermarket,8736.83,20,12986.26,Yes,235,Festival,390
2023-01-01,HOME104,Home Appliances,Kochi,Neighbourhood,4933.11,5,21865.66,Yes,83,Winter,174
2024-11-01,GROC102,Groceries,Pune,Mall,263.72,10,13382.73,No,817,Festival,939
2025-07-01,CARE102,Personal Care,Kolkata,Neighbourhood,693.94,5,15984.78,No,534,Monsoon,467
2025-03-01,ELEC103,Electronics,Kochi,Neighbourhood,8609.49,20,28130.42,No,134,Summer,200
2025-07-01,FASH101,Fashion,Delhi,Mall,1420.84,5,29428.02,No,376,Monsoon,439
2024-02-01,CARE103,Personal Care,Mumbai,Supermarket,171.28,0,9907.22,No,784,Winter,862
2023-01-01,HOME102,Home Appliances,Kochi,High Street,8024.06,15,3566.46,Yes,138,Winter,154
2025-02-01,GROC103,Groceries,Kochi,High Street,73.57,20,4792.28,No,755,Winter,907
2024-04-01,GROC101,Groceries,Hyderabad,Neighbourhood,111.19,10,11810.36,No,594,Summer,846
2023-03-01,FASH104,Fashion,Hyderabad,Supermarket,2727.42,0,12287.35,No,496,Summer,474
2025-07-01,FASH104,Fashion,Bengaluru,High Street,3201.99,10,19477.44,No,356,Monsoon,408
2025-04-01,GROC101,Groceries,Mumbai,Supermarket,118.08,10,25085.48,No,1257,Summer,1529
2024-08-01,HOME104,Home Appliances,Chennai,High Street,5078.8,10,26778.24,No,158,Monsoon,193
2024-12-01,FASH102,Fashion,Delhi,Mall,2099.88,0,22912.15,No,402,Winter,458
2023-02-01,HOME104,Home Appliances,Kochi,Supermarket,4713.58,5,8599.21,No,126,Winter,106
2023-07-01,CARE102,Personal Care,Kolkata,High Street,597.8,15,29295.42,No,706,Monsoon,720
2023-07-01,FASH103,Fashion,Kolkata,Mall,785.88,5,15313.83,No,466,Monsoon,434
2023-03-01,HOME104,Home Appliances,Kochi,High Street,4632.63,15,8183.58,No,108,Summer,125
2025-06-01,GROC104,Groceries,Chennai,High Street,454.64,10,28757.06,No,762,Monsoon,789
2025-02-01,FASH104,Fashion,Bengaluru,Mall,3185.78,0,28860.24,No,445,Winter,471
2024-09-01,FASH103,Fashion,Bengaluru,Supermarket,951.55,0,19460.36,No,603,Festival,708
2025-05-01,FASH101,Fashion,Delhi,Mall,1407.88,5,25897.86,No,446,Summer,565
2025-07-01,FASH104,Fashion,Kochi,Mall,3345.04,15,22769.52,No,271,Monsoon,268
2024-08-01,ELEC103,Electronics,Kolkata,Mall,7013.41,25,15894.03,Yes,220,Monsoon,338
2025-07-01,GROC103,Groceries,Bengaluru,Mall,82.99,0,4777.36,No,1276,Monsoon,1102
2024-01-01,FASH104,Fashion,Bengaluru,Supermarket,2912.01,15,15421.94,Yes,471,Winter,671
2025-03-01,FASH101,Fashion,Kolkata,Mall,1546.53,10,27654.42,No,414,Summer,386
2025-03-01,ELEC102,Electronics,Bengaluru,High Street,22495.94,5,15268.87,No,186,Summer,261
2023-10-01,ELEC103,Electronics,Hyderabad,Mall,7515.48,25,9025.14,Yes,223,Festival,448
2025-05-01,FASH102,Fashion,Chennai,High Street,2202.46,10,10349.56,No,288,Summer,342
2024-06-01,GROC102,Groceries,Kolkata,High Street,217.49,10,14476.26,No,768,Monsoon,946
2025-05-01,ELEC102,Electronics,Hyderabad,Neighbourhood,21344.51,20,11051.57,No,188,Summer,278
2025-01-01,GROC103,Groceries,Kolkata,High Street,82.05,0,9557.35,Yes,988,Winter,849
2025-03-01,GROC102,Groceries,Bengaluru,Neighbourhood,254.86,5,24729.94,No,719,Summer,944
2024-01-01,CARE103,Personal Care,Hyderabad,Neighbourhood,195.64,20,29253.19,Yes,552,Winter,705
2024-02-01,FASH103,Fashion,Kolkata,Neighbourhood,875.81,0,15394.71,No,345,Winter,359
2023-03-01,ELEC104,Electronics,Pune,Neighbourhood,3371.7,0,29839.95,No,105,Summer,184
2023-08-01,GROC101,Groceries,Hyderabad,Mall,128.41,5,24808.72,Yes,901,Monsoon,904
2023-02-01,FASH102,Fashion,Hyderabad,Supermarket,2393.07,25,7025.64,No,547,Winter,574
2024-04-01,HOME102,Home Appliances,Mumbai,Supermarket,7600.92,0,17922.78,No,222,Summer,261
2025-05-01,CARE104,Personal Care,Bengaluru,Mall,783.51,5,27840.85,No,838,Summer,960
2024-01-01,FASH102,Fashion,Pune,Supermarket,1978.19,10,21057.62,No,356,Winter,385
2024-03-01,GROC103,Groceries,Bengaluru,Mall,73.27,0,25050.29,No,1329,Summer,1230
2023-12-01,ELEC103,Electronics,Chennai,High Street,7359.18,10,13439.07,Yes,191,Winter,283
2024-06-01,GROC104,Groceries,Kochi,Mall,406.11,20,26836.48,No,837,Monsoon,837
2023-05-01,CARE104,Personal Care,Mumbai,Neighbourhood,895.59,15,3903.85,No,753,Summer,865
2025-09-01,HOME101,Home Appliances,Chennai,High Street,12334.12,25,7334.96,No,115,Festival,210
2024-05-01,CARE103,Personal Care,Hyderabad,Neighbourhood,196.5,10,16135.51,No,637,Summer,648
2025-01-01,HOME104,Home Appliances,Delhi,Supermarket,4965.01,10,4275.38,Yes,208,Winter,290
2025-07-01,GROC102,Groceries,Delhi,High Street,235.38,10,22643.44,No,1143,Monsoon,1118
2024-04-01,CARE101,Personal Care,Pune,High Street,389.32,10,3029.47,No,658,Summer,544
2025-09-01,HOME102,Home Appliances,Hyderabad,Neighbourhood,7200.49,5,19426.46,No,129,Festival,227
2024-08-01,CARE104,Personal Care,Bengaluru,Mall,1032.25,15,28257.09,Yes,967,Monsoon,1099
2023-01-01,GROC101,Groceries,Kolkata,Supermarket,1958.2849999999999,15,21101.06,Yes,980,Winter,1346
2023-05-01,CARE102,Personal Care,Delhi,Supermarket,735.62,5,3973.11,No,1140,Summer,1005
2023-04-01,FASH103,Fashion,Kochi,Supermarket,824.49,5,17613.8,No,422,Summer,384
2025-02-01,GROC104,Groceries,Hyderabad,Mall,480.96,20,25456.47,No,929,Winter,1114
2024-01-01,FASH102,Fashion,Chennai,Supermarket,2424.67,10,13258.43,Yes,464,Winter,495
2024-12-01,GROC104,Groceries,Kochi,Mall,426.49,20,5835.76,Yes,1005,Winter,932
2025-03-01,HOME102,Home Appliances,Pune,Mall,6420.52,5,22487.39,No,169,Summer,195
2025-07-01,FASH101,Fashion,Kolkata,Mall,1498.32,10,27728.38,No,490,Monsoon,433
2025-02-01,FASH104,Fashion,Pune,Mall,3345.12,25,22334.47,No,324,Winter,387
2025-07-01,FASH102,Fashion,Kochi,Mall,2492.45,10,10198.13,No,416,Monsoon,304
2023-02-01,ELEC103,Electronics,Delhi,Mall,7039.26,5,14665.19,No,192,Winter,282
2023-07-01,FASH102,Fashion,Kochi,Supermarket,2178.19,0,18932.93,No,276,Monsoon,195
2023-11-01,HOME101,Home Appliances,Hyderabad,High Street,13092.16,5,14866.28,Yes,114,Festival,260
2025-11-01,GROC102,Groceries,Delhi,Neighbourhood,242.81,0,17993.41,Yes,903,Festival,1420
2023-07-01,GROC102,Groceries,Bengaluru,Mall,273.21,15,21956.77,No,1017,Monsoon,1156
2024-09-01,GROC101,Groceries,Kochi,Neighbourhood,115.63,15,26205.97,No,591,Festival,981
2024-03-01,GROC102,Groceries,Mumbai,Supermarket,239.62,5,26205.58,No,1580,Summer,1706
2024-05-01,GROC102,Groceries,Kochi,Neighbourhood,257.31,25,3191.33,No,469,Summer,651
2025-08-01,ELEC101,Electronics,Mumbai,Mall,19039.59,15,8881.05,No,269,Monsoon,283
2024-06-01,FASH104,Fashion,Bengaluru,Neighbourhood,3296.49,10,6841.53,No,372,Monsoon,405
2024-10-01,HOME102,Home Appliances,Kolkata,Neighbourhood,6861.35,10,16060.0,No,121,Festival,219
2024-08-01,HOME104,Home Appliances,Kolkata,Supermarket,5677.41,10,9348.86,No,139,Monsoon,142
2025-09-01,HOME103,Home Appliances,Pune,Supermarket,19135.5,10,21209.61,No,130,Festival,225
2025-12-01,ELEC103,Electronics,Kolkata,High Street,8552.27,10,19838.29,No,216,Winter,259
2024-03-01,FASH103,Fashion,Kochi,High Street,768.0,0,23797.54,No,335,Summer,251
2023-11-01,FASH104,Fashion,Mumbai,Mall,3127.52,5,25519.2,Yes,503,Festival,820
2024-06-01,CARE104,Personal Care,Pune,Neighbourhood,1029.55,5,29546.9,No,425,Monsoon,433
2023-11-01,FASH102,Fashion,Kolkata,Supermarket,2278.41,10,27286.57,Yes,493,Festival,687
2023-12-01,GROC101,Groceries,Mumbai,Neighbourhood,112.89,15,4212.84,Yes,1008,Winter,1391
2024-11-01,FASH104,Fashion,Pune,Neighbourhood,3021.08,10,25661.77,No,270,Festival,466
2025-11-01,CARE101,Personal Care,Chennai,Mall,389.78,10,27160.6,Yes,730,Festival,949
2025-10-01,ELEC102,Electronics,Delhi,Supermarket,23016.71,10,9640.09,No,261,Festival,393
2023-03-01,CARE103,Personal Care,Bengaluru,Neighbourhood,202.61,10,14298.95,No,704,Summer,795
2023-03-01,GROC104,Groceries,Mumbai,High Street,383.89,25,14140.73,No,1375,Summer,1703
2025-11-01,ELEC101,Electronics,Hyderabad,High Street,18359.83,0,13037.55,No,163,Festival,228
2024-06-01,CARE101,Personal Care,Hyderabad,Supermarket,363.08,0,6051.34,No,718,Monsoon,547
2025-05-01,GROC102,Groceries,Bengaluru,Mall,244.14,25,5620.87,No,964,Summer,1270
2025-06-01,HOME102,Home Appliances,Pune,High Street,7374.3,25,14767.71,No,129,Monsoon,161
2024-02-01,ELEC101,Electronics,Mumbai,Supermarket,17608.39,5,16082.52,No,283,Winter,353
2023-07-01,GROC103,Groceries,Bengaluru,Neighbourhood,88.37,25,10020.63,No,701,Monsoon,948
2023-08-01,GROC101,Groceries,Kolkata,Supermarket,123.36,5,10647.72,Yes,1179,Monsoon,842
2023-02-01,ELEC104,Electronics,Mumbai,Mall,3317.43,20,28824.42,No,244,Winter,392
2024-05-01,GROC104,Groceries,Mumbai,Neighbourhood,443.08,15,6273.82,No,889,Summer,1257
2024-09-01,ELEC104,Electronics,Kochi,Neighbourhood,3824.24,10,17653.5,No,92,Festival,144
2025-11-01,CARE103,Personal Care,Bengaluru,High Street,198.96,15,28899.44,Yes,797,Festival,1276
2025-02-01,HOME102,Home Appliances,Hyderabad,Neighbourhood,8572.84,15,4000.25,No,111,Winter,116
2024-05-01,CARE102,Personal Care,Delhi,Mall,642.28,15,29829.11,No,831,Summer,998
2023-05-01,HOME102,Home Appliances,Delhi,Neighbourhood,7058.89,10,13301.05,No,102,Summer,183
2025-09-01,FASH103,Fashion,Kolkata,Mall,848.18,0,17684.24,No,426,Festival,540
2023-05-01,CARE103,Personal Care,Hyderabad,High Street,162.86,20,21533.13,No,663,Summer,870
2025-10-01,FASH103,Fashion,Mumbai,Neighbourhood,820.4,20,25473.16,Yes,397,Festival,862
2025-07-01,ELEC102,Electronics,Kochi,Mall,23729.85,0,25177.96,No,172,Monsoon,180
2024-09-01,GROC104,Groceries,Hyderabad,Mall,438.69,15,27022.86,No,1349,Festival,1731
2023-06-01,GROC103,Groceries,Bengaluru,High Street,87.96,25,29778.02,No,1153,Monsoon,1344
2024-04-01,ELEC101,Electronics,Kochi,Neighbourhood,18493.99,0,13057.07,No,115,Summer,138
2025-08-01,HOME104,Home Appliances,Pune,Mall,5630.27,20,4080.12,No,109,Monsoon,98
2023-05-01,FASH101,Fashion,Mumbai,High Street,1429.13,5,9014.54,No,481,Summer,444
2023-08-01,ELEC104,Electronics,Pune,High Street,3265.84,20,9537.91,No,190,Monsoon,256
2025-02-01,ELEC103,Electronics,Bengaluru,Supermarket,7736.48,15,25116.38,No,187,Winter,323
2025-10-01,ELEC103,Electronics,Mumbai,High Street,7503.99,5,18377.07,No,194,Festival,341
2023-03-01,ELEC103,Electronics,Pune,Mall,8510.44,0,8324.2,No,160,Summer,138
2025-04-01,ELEC101,Electronics,Kolkata,Neighbourhood,18497.59,25,22437.29,No,154,Summer,251
2024-01-01,FASH103,Fashion,Hyderabad,High Street,954.16,5,19400.7,Yes,327,Winter,399
2023-02-01,HOME104,Home Appliances,Bengaluru,Mall,5744.24,15,9857.66,No,170,Winter,212
2024-06-01,FASH101,Fashion,Chennai,Mall,1335.26,10,24875.11,No,377,Monsoon,386
2023-06-01,HOME104,Home Appliances,Bengaluru,Neighbourhood,5738.98,0,3616.16,No,122,Monsoon,106
2025-12-01,ELEC102,Electronics,Pune,Mall,27584.04,15,15668.88,No,224,Winter,207
2025-06-01,GROC102,Groceries,Hyderabad,Supermarket,221.45,0,7347.49,No,1152,Monsoon,982
2025-07-01,GROC103,Groceries,Chennai,Mall,76.97,5,14882.25,No,1253,Monsoon,1041
2025-04-01,HOME104,Home Appliances,Chennai,Supermarket,4821.08,10,21023.26,No,193,Summer,233
2025-03-01,ELEC104,Electronics,Delhi,Mall,3586.58,20,24018.93,No,243,Summer,354
2024-11-01,FASH104,Fashion,Delhi,High Street,2729.8,0,26185.08,Yes,408,Festival,701
2024-10-01,ELEC103,Electronics,Delhi,Neighbourhood,8152.17,15,15979.01,Yes,167,Festival,389
2024-05-01,CARE101,Personal Care,Kolkata,Mall,333.81,20,16587.97,No,787,Summer,1009
2024-02-01,HOME101,Home Appliances,Mumbai,Mall,12368.8,5,8310.53,No,150,Winter,179
2024-05-01,FASH104,Fashion,Delhi,Supermarket,3279.66,20,14068.1,No,552,Summer,623
2023-10-01,GROC101,Groceries,Kolkata,Mall,106.98,10,27529.61,Yes,1013,Festival,1462
2024-02-01,GROC102,Groceries,Delhi,Mall,245.76,15,10848.89,No,1171,Winter,1467
2025-12-01,CARE102,Personal Care,Bengaluru,Neighbourhood,705.47,5,6137.11,No,527,Winter,586
2023-07-01,GROC101,Groceries,Pune,High Street,132.17,15,28912.88,No,945,Monsoon,829
2024-10-01,HOME104,Home Appliances,Pune,Neighbourhood,5660.73,0,3012.12,No,87,Festival,98
2024-01-01,HOME101,Home Appliances,Chennai,Supermarket,13036.38,0,16968.24,Yes,138,Winter,207
2025-04-01,CARE104,Personal Care,Kochi,Mall,878.27,0,4790.07,No,567,Summer,461
2024-02-01,CARE102,Personal Care,Kolkata,Mall,710.09,5,12962.2,No,929,Winter,697
2025-12-01,FASH103,Fashion,Pune,High Street,820.74,5,28111.31,Yes,363,Winter,435
2023-11-01,FASH103,Fashion,Chennai,Supermarket,984.94,0,10409.59,No,508,Festival,509
2024-12-01,ELEC103,Electronics,Kochi,High Street,7198.86,20,27323.59,Yes,123,Winter,298
2024-12-01,ELEC101,Electronics,Pune,High Street,20243.58,10,3261.77,Yes,177,Winter,237
2025-01-01,ELEC104,Electronics,Mumbai,Supermarket,3370.87,10,11301.85,No,315,Winter,339
2025-07-01,CARE103,Personal Care,Delhi,High Street,175.1,20,10653.04,No,643,Monsoon,880
2025-04-01,ELEC104,Electronics,Mumbai,Neighbourhood,3462.7,0,28684.15,No,160,Summer,247
2024-03-01,FASH102,Fashion,Kolkata,Neighbourhood,1981.04,15,11612.98,No,284,Summer,390
2025-06-01,FASH103,Fashion,Delhi,High Street,823.75,15,22598.53,No,342,Monsoon,543
2023-09-01,ELEC102,Electronics,Kochi,Mall,28103.67,25,28011.99,No,218,Festival,314
2024-06-01,CARE103,Personal Care,Kochi,Mall,155.6,5,13954.7,No,674,Monsoon,560
2025-03-01,GROC103,Groceries,Kolkata,Supermarket,77.11,5,24514.65,No,913,Summer,895
2023-12-01,FASH101,Fashion,Delhi,Mall,1684.44,10,29360.45,Yes,402,Winter,632
2023-09-01,GROC104,Groceries,Delhi,Neighbourhood,410.59,5,17709.29,No,994,Festival,1530
2025-02-01,CARE101,Personal Care,Kochi,Supermarket,399.53,5,27833.99,No,563,Winter,511
2023-05-01,HOME102,Home Appliances,Bengaluru,Supermarket,7800.03,5,4954.08,No,144,Summer,166
2023-10-01,GROC101,Groceries,Hyderabad,Supermarket,128.72,15,10893.23,Yes,1075,Festival,1550
2024-08-01,ELEC102,Electronics,Pune,Supermarket,24646.21,5,23843.35,No,236,Monsoon,207
2023-07-01,HOME104,Home Appliances,Chennai,High Street,5707.99,15,7536.48,No,130,Monsoon,139
2025-09-01,GROC101,Groceries,Kochi,Neighbourhood,110.19,5,24001.41,No,753,Festival,1015
2023-09-01,FASH104,Fashion,Delhi,Mall,2767.38,15,19159.66,No,481,Festival,762
2025-12-01,CARE101,Personal Care,Pune,High Street,381.01,0,5180.5,Yes,710,Winter,572
2024-06-01,CARE104,Personal Care,Kolkata,High Street,964.88,5,9946.9,No,685,Monsoon,585
2024-09-01,FASH104,Fashion,Hyderabad,Mall,2725.76,5,8822.5,No,464,Festival,576
2023-04-01,FASH104,Fashion,Bengaluru,Neighbourhood,3514.9,25,13642.59,No,393,Summer,541
2023-08-01,HOME102,Home Appliances,Kolkata,Neighbourhood,7637.5,15,15443.5,No,89,Monsoon,131
2025-05-01,CARE103,Personal Care,Chennai,Mall,197.3,15,6672.71,No,824,Summer,770
2024-06-01,FASH103,Fashion,Kochi,Supermarket,812.64,15,28287.55,No,407,Monsoon,389
2024-09-01,HOME101,Home Appliances,Mumbai,Mall,10499.68,0,28492.96,No,142,Festival,292
2024-12-01,HOME101,Home Appliances,Delhi,Supermarket,11786.46,20,28438.43,Yes,199,Winter,394
2024-09-01,FASH102,Fashion,Kolkata,High Street,1958.2849999999999,0,20994.92,No,447,Festival,497
2023-12-01,CARE102,Personal Care,Kochi,Neighbourhood,565.94,10,5712.59,Yes,403,Winter,554
2023-08-01,CARE103,Personal Care,Pune,Neighbourhood,165.42,5,23434.81,No,568,Monsoon,496
2023-03-01,ELEC103,Electronics,Kolkata,Supermarket,8761.88,15,23740.12,No,204,Summer,247
2024-03-01,CARE102,Personal Care,Hyderabad,High Street,629.78,20,10124.35,No,738,Summer,880
2025-05-01,CARE103,Personal Care,Delhi,Supermarket,199.08,15,8280.04,No,841,Summer,926
2025-05-01,FASH104,Fashion,Bengaluru,High Street,3641.02,15,24545.74,No,462,Summer,521
2023-06-01,ELEC102,Electronics,Hyderabad,High Street,23943.99,15,8931.44,No,239,Monsoon,275
2025-10-01,GROC102,Groceries,Chennai,Supermarket,252.36,5,23213.72,Yes,1309,Festival,1457
2023-04-01,FASH103,Fashion,Hyderabad,Neighbourhood,948.88,5,20988.7,No,309,Summer,313
2025-11-01,GROC102,Groceries,Delhi,Mall,269.26,10,10549.55,Yes,1072,Festival,1650
2025-08-01,HOME101,Home Appliances,Bengaluru,High Street,10609.97,5,26842.83,No,137,Monsoon,212
2025-12-01,HOME104,Home Appliances,Pune,High Street,5082.8,10,9838.31,Yes,151,Winter,247
2024-10-01,FASH101,Fashion,Mumbai,Neighbourhood,1355.27,15,14389.38,Yes,379,Festival,816
2025-09-01,ELEC103,Electronics,Chennai,High Street,7267.09,5,21226.91,No,170,Festival,290
2024-08-01,ELEC104,Electronics,Pune,Neighbourhood,2976.52,5,9322.3,Yes,108,Monsoon,185
2025-03-01,ELEC104,Electronics,Kochi,Supermarket,3434.49,0,15012.9,No,195,Summer,177
2023-11-01,HOME101,Home Appliances,Pune,Mall,12251.5,0,8829.19,Yes,129,Festival,221
2023-05-01,ELEC102,Electronics,Pune,Neighbourhood,21594.2,0,24893.25,No,132,Summer,183
2024-12-01,GROC104,Groceries,Hyderabad,Supermarket,506.91,15,15037.47,Yes,985,Winter,994
2025-09-01,GROC103,Groceries,Kolkata,High Street,73.24,0,27115.1,No,766,Festival,962
2025-05-01,FASH102,Fashion,Hyderabad,Supermarket,1889.18,20,7961.48,No,471,Summer,533
2024-07-01,GROC101,Groceries,Chennai,Neighbourhood,125.58,15,18847.53,No,596,Monsoon,718
2025-04-01,ELEC101,Electronics,Bengaluru,Mall,18285.48,15,9805.54,No,191,Summer,250
2024-10-01,FASH103,Fashion,Hyderabad,Supermarket,831.0,10,24944.88,No,548,Festival,727
2023-06-01,ELEC104,Electronics,Hyderabad,Mall,3747.06,5,19294.52,No,234,Monsoon,218
2024-11-01,GROC104,Groceries,Delhi,High Street,463.86,0,29949.51,Yes,1294,Festival,1615
2024-01-01,HOME102,Home Appliances,Delhi,High Street,6414.34,5,13361.63,Yes,135,Winter,293
2024-12-01,FASH103,Fashion,Pune,Neighbourhood,805.42,10,25614.8,Yes,206,Winter,364
2025-03-01,HOME104,Home Appliances,Hyderabad,Mall,4379.7,20,11208.36,No,192,Summer,222
2025-10-01,CARE104,Personal Care,Pune,Mall,840.38,10,23475.73,Yes,811,Festival,1117
2023-05-01,GROC102,Groceries,Hyderabad,Neighbourhood,226.97,10,6957.17,No,866,Summer,1083
2023-12-01,FASH102,Fashion,Pune,Neighbourhood,2149.76,10,17649.42,No,307,Winter,357
2025-12-01,ELEC103,Electronics,Kolkata,Mall,7431.75,0,14931.1,Yes,207,Winter,284
2023-12-01,GROC103,Groceries,Bengaluru,Supermarket,89.18,0,21113.31,No,1549,Winter,1326
2023-06-01,HOME103,Home Appliances,Pune,Neighbourhood,15859.19,5,25014.23,No,88,Monsoon,148
2023-02-01,HOME101,Home Appliances,Mumbai,Mall,11953.89,15,24356.07,No,207,Winter,288
2025-04-01,FASH101,Fashion,Mumbai,Mall,1720.75,10,7102.46,No,474,Summer,444
2025-11-01,ELEC101,Electronics,Pune,High Street,18004.6,5,29970.39,Yes,221,Festival,387
2024-01-01,FASH102,Fashion,Kolkata,Mall,2221.58,15,13576.13,Yes,425,Winter,514
2024-09-01,ELEC102,Electronics,Hyderabad,High Street,27212.4,20,14582.06,No,155,Festival,275
2024-12-01,HOME101,Home Appliances,Pune,Neighbourhood,11054.19,0,4257.11,Yes,100,Winter,172
2024-12-01,FASH101,Fashion,Pune,Mall,1431.82,10,28986.18,Yes,345,Winter,441
2025-02-01,HOME101,Home Appliances,Chennai,Neighbourhood,12752.88,0,22446.85,No,89,Winter,140
2025-04-01,ELEC104,Electronics,Hyderabad,High Street,3236.65,0,12045.53,No,175,Summer,187
2025-02-01,CARE103,Personal Care,Hyderabad,Supermarket,170.63,5,19019.89,No,990,Winter,929
2024-12-01,ELEC102,Electronics,Bengaluru,Mall,25496.4,10,22317.5,No,268,Winter,351
2025-01-01,FASH102,Fashion,Bengaluru,High Street,2115.79,15,21778.94,Yes,321,Winter,551
2024-01-01,HOME103,Home Appliances,Pune,Mall,17277.23,10,20885.82,Yes,131,Winter,241
2024-02-01,CARE101,Personal Care,Delhi,High Street,349.75,15,17219.7,No,884,Winter,924
2025-06-01,HOME104,Home Appliances,Chennai,Supermarket,5268.62,15,15818.4,No,175,Monsoon,186
2025-10-01,GROC102,Groceries,Chennai,Mall,223.58,15,23407.63,Yes,915,Festival,1607
2023-02-01,GROC103,Groceries,Mumbai,High Street,89.46,25,8511.87,No,960,Winter,1326
2024-05-01,GROC102,Groceries,Kochi,Neighbourhood,269.39,0,15088.79,No,675,Summer,559
2024-09-01,HOME102,Home Appliances,Hyderabad,Supermarket,8099.52,10,19204.12,No,124,Festival,219
2025-01-01,CARE104,Personal Care,Pune,Mall,787.86,20,14031.22,No,821,Winter,919
2023-12-01,HOME102,Home Appliances,Kolkata,Supermarket,6375.44,10,27325.23,Yes,136,Winter,268
2023-01-01,FASH101,Fashion,Mumbai,High Street,1705.24,10,9249.24,Yes,546,Winter,651
2023-10-01,GROC103,Groceries,Hyderabad,High Street,90.6,0,29997.06,No,1110,Festival,1258
2023-08-01,HOME104,Home Appliances,Delhi,Mall,4693.99,15,11452.53,Yes,169,Monsoon,295
2024-06-01,ELEC101,Electronics,Pune,High Street,15510.32,20,6932.92,No,163,Monsoon,209
2024-02-01,CARE103,Personal Care,Kolkata,Supermarket,160.09,15,25226.82,No,888,Winter,902
2025-11-01,CARE104,Personal Care,Delhi,High Street,991.05,15,29000.61,Yes,607,Festival,1153
2025-01-01,FASH104,Fashion,Delhi,High Street,3593.17,10,9322.98,Yes,462,Winter,560
2024-04-01,CARE101,Personal Care,Chennai,Neighbourhood,336.95,5,6570.48,No,547,Summer,517
2024-01-01,HOME101,Home Appliances,Bengaluru,Supermarket,10816.27,10,13953.41,Yes,222,Winter,342
2025-05-01,FASH103,Fashion,Mumbai,Supermarket,966.66,10,18748.99,No,422,Summer,510
2024-01-01,HOME101,Home Appliances,Pune,Neighbourhood,12053.47,5,26081.46,No,115,Winter,167
2024-01-01,HOME104,Home Appliances,Bengaluru,High Street,5361.7,0,13208.92,No,150,Winter,185
2024-04-01,FASH101,Fashion,Kolkata,Mall,1724.09,10,16974.46,No,490,Summer,438
2025-12-01,FASH102,Fashion,Kolkata,Supermarket,2384.79,0,27837.9,No,469,Winter,442
2024-05-01,FASH101,Fashion,Hyderabad,Neighbourhood,1375.88,15,5964.18,No,332,Summer,412
2025-01-01,GROC103,Groceries,Kolkata,Mall,90.73,10,15953.61,Yes,1172,Winter,1128
2025-01-01,GROC104,Groceries,Pune,High Street,390.87,15,3914.58,Yes,984,Winter,1121
2025-09-01,ELEC102,Electronics,Kolkata,High Street,25091.71,20,7247.72,No,201,Festival,281
2025-03-01,HOME102,Home Appliances,Bengaluru,Neighbourhood,6681.65,0,10005.58,No,116,Summer,161
2023-11-01,ELEC102,Electronics,Mumbai,Mall,24176.6,15,1958.2849999999999,No,263,Festival,468
2023-07-01,FASH102,Fashion,Kolkata,Neighbourhood,2035.55,0,21421.62,No,264,Monsoon,312
2025-04-01,ELEC103,Electronics,Delhi,Mall,8174.29,10,7913.88,No,214,Summer,280
2023-10-01,CARE104,Personal Care,Mumbai,Mall,1025.0,5,6760.08,Yes,676,Festival,875
2025-08-01,HOME104,Home Appliances,Kochi,High Street,4853.62,10,9997.0,No,141,Monsoon,135
2025-05-01,ELEC104,Electronics,Pune,Supermarket,3571.31,20,5417.1,No,241,Summer,199
2025-03-01,HOME104,Home Appliances,Kolkata,High Street,4447.67,15,16804.26,No,140,Summer,203
2023-04-01,GROC101,Groceries,Pune,Mall,113.94,5,6294.77,No,940,Summer,771
2024-11-01,GROC104,Groceries,Pune,Supermarket,400.49,10,3144.7,Yes,1079,Festival,1397
2023-05-01,FASH101,Fashion,Delhi,Supermarket,1300.89,0,6369.55,No,482,Summer,469
2024-04-01,HOME103,Home Appliances,Mumbai,High Street,16212.43,10,4998.54,No,142,Summer,175
2024-03-01,HOME103,Home Appliances,Kochi,Neighbourhood,15610.28,5,11700.54,No,69,Summer,103
2024-08-01,CARE103,Personal Care,Kochi,High Street,165.88,10,23496.27,No,516,Monsoon,468
2025-05-01,CARE101,Personal Care,Pune,High Street,399.74,10,13783.0,No,557,Summer,484
2025-07-01,ELEC102,Electronics,Delhi,Supermarket,25170.15,25,17695.34,No,236,Monsoon,315
2025-04-01,CARE103,Personal Care,Mumbai,Neighbourhood,202.99,5,10856.72,No,604,Summer,597
2025-02-01,FASH102,Fashion,Bengaluru,Supermarket,1917.04,5,14549.85,No,583,Winter,618
2024-05-01,FASH103,Fashion,Pune,Mall,838.62,15,18440.55,No,333,Summer,395
2025-07-01,FASH101,Fashion,Bengaluru,Mall,1465.6,5,10939.92,No,381,Monsoon,432
2025-03-01,HOME102,Home Appliances,Chennai,High Street,7529.69,5,23273.3,No,132,Summer,165
2025-08-01,ELEC102,Electronics,Mumbai,Neighbourhood,28256.9,0,21972.66,Yes,157,Monsoon,290
2024-10-01,GROC102,Groceries,Mumbai,Neighbourhood,249.91,5,21967.49,No,817,Festival,1371
2025-10-01,ELEC102,Electronics,Mumbai,Neighbourhood,23687.78,5,18458.23,No,178,Festival,343
2025-11-01,GROC103,Groceries,Bengaluru,High Street,88.55,25,3295.58,No,855,Festival,1472
2023-03-01,FASH104,Fashion,Mumbai,High Street,3114.26,0,25071.04,No,484,Summer,541
2023-08-01,GROC101,Groceries,Kochi,Neighbourhood,106.04,0,26555.34,No,604,Monsoon,697
2024-11-01,HOME103,Home Appliances,Chennai,High Street,18437.45,5,16910.21,Yes,158,Festival,311
2024-08-01,FASH103,Fashion,Mumbai,Supermarket,939.43,15,15980.1,Yes,617,Monsoon,687
2025-10-01,HOME102,Home Appliances,Kolkata,Neighbourhood,7323.55,10,10574.77,No,95,Festival,186
2025-07-01,GROC101,Groceries,Delhi,Mall,102.04,0,8574.42,No,1167,Monsoon,1080
2023-09-01,CARE103,Personal Care,Mumbai,Neighbourhood,176.68,10,26219.98,No,475,Festival,884
2023-11-01,HOME103,Home Appliances,Bengaluru,High Street,16759.24,25,20920.06,Yes,164,Festival,414
2025-04-01,HOME103,Home Appliances,Kolkata,Mall,16695.06,15,24077.54,No,174,Summer,234
2023-07-01,CARE101,Personal Care,Chennai,Supermarket,321.64,5,17047.8,No,744,Monsoon,673
2023-01-01,GROC102,Groceries,Chennai,Mall,257.47,5,26108.8,Yes,1258,Winter,1168
2025-04-01,CARE104,Personal Care,Chennai,Mall,817.93,5,27512.28,No,908,Summer,855
2023-07-01,HOME103,Home Appliances,Hyderabad,Supermarket,15949.98,15,17576.57,No,182,Monsoon,212
2025-10-01,HOME103,Home Appliances,Chennai,Supermarket,17085.31,10,25325.73,No,135,Festival,264
2023-07-01,HOME102,Home Appliances,Delhi,High Street,7959.07,0,6779.46,No,170,Monsoon,153
2023-09-01,GROC103,Groceries,Chennai,Neighbourhood,86.16,5,17596.17,No,657,Festival,827
2025-03-01,GROC103,Groceries,Kolkata,Mall,91.65,0,25731.12,No,995,Summer,692
2024-03-01,ELEC103,Electronics,Bengaluru,Supermarket,8031.49,5,20221.79,No,253,Summer,252
2023-05-01,GROC103,Groceries,Mumbai,Mall,82.64,5,4251.02,No,1383,Summer,1210
2025-05-01,CARE102,Personal Care,Pune,Supermarket,707.24,0,14500.0,No,852,Summer,562
2025-06-01,CARE103,Personal Care,Mumbai,High Street,205.57,5,6152.36,No,813,Monsoon,670
2023-01-01,FASH104,Fashion,Mumbai,Mall,3616.58,5,9132.99,No,377,Winter,373
2025-08-01,HOME104,Home Appliances,Mumbai,Mall,5721.21,25,20228.78,Yes,145,Monsoon,295
2024-09-01,CARE101,Personal Care,Chennai,High Street,367.21,5,9755.86,No,523,Festival,670
2023-05-01,HOME102,Home Appliances,Chennai,Mall,6384.62,10,29344.19,No,138,Summer,218
2023-04-01,ELEC102,Electronics,Pune,High Street,23727.57,15,10839.67,No,158,Summer,179
2023-02-01,ELEC103,Electronics,Pune,Supermarket,7991.51,20,22807.53,No,253,Winter,278
2024-09-01,GROC101,Groceries,Kolkata,Mall,111.92,10,28853.63,No,986,Festival,1485
2024-05-01,GROC102,Groceries,Mumbai,High Street,278.56,10,16279.66,No,963,Summer,1027
2023-02-01,CARE103,Personal Care,Kolkata,Neighbourhood,173.64,15,11963.94,No,564,Winter,797
2024-03-01,HOME104,Home Appliances,Kolkata,High Street,4675.16,10,21076.08,No,112,Summer,183
2023-02-01,GROC102,Groceries,Kochi,Mall,214.55,5,20694.95,No,925,Winter,941
2025-11-01,GROC102,Groceries,Bengaluru,Supermarket,249.92,15,5588.48,Yes,1510,Festival,2079
2025-09-01,ELEC101,Electronics,Chennai,Supermarket,19559.08,15,18527.92,No,255,Festival,328
2023-05-01,HOME103,Home Appliances,Bengaluru,Neighbourhood,20613.83,5,7980.59,No,117,Summer,135
2023-11-01,GROC101,Groceries,Kolkata,Supermarket,126.73,0,8193.52,Yes,1147,Festival,1221
2024-07-01,CARE104,Personal Care,Chennai,High Street,912.67,5,6484.86,No,524,Monsoon,545
2024-10-01,HOME103,Home Appliances,Delhi,High Street,17311.13,10,18360.43,Yes,160,Festival,385
2023-02-01,FASH104,Fashion,Bengaluru,High Street,3358.02,10,11372.51,No,411,Winter,518
